geo,industry,year,GO_CP,GO_PYP,GO_Q,II_CP,II_PYP,II_Q,VA_CP,COMP,H_EMP,K_GFCF,Kq_GFCF
DE,C,1995,1036053,1017567,1271808.93675912,651943,642419,813273.130169393,384110,271855,12259228,620482.002,855951.605998855
DE,C,1996,1032836,1033863,1269120.5978696,652273,660154,823516.028201615,380563,271032,11884361,621437.999,851062.92553275
DE,C,1997,1077759,1071995,1317238.1049007,686396,676156,853669.09800757,391363,271376,11677603,622186,847722.830109142
DE,C,1998,1124823,1125537,1375632.42327424,718601,729639,907450.315854324,406222,279043,11845468,626872.997,849413.243337598
DE,C,1999,1153509,1163556,1423001.98333007,743389,752770,950598.975322411,410120,286691,11783319,632337.001,852990.791900383
DE,C,2000,1264439,1233576,1521774.94461541,832458,794481,1015932.20307689,431981,300085,11748270,644884.998,859814.666648734
DE,C,2001,1298438,1288579,1550827.86623758,857436,850219,1037607.73728864,441002,305722,11686507,659104,869572.866550444
DE,C,2002,1264597,1268018,1514494.83863754,831568,839705,1016150.94892209,433029,303195,11410955,661561.002,868338.623187689
DE,C,2003,1282502,1282589,1536042.24950184,844357,844673,1032164.86261961,438145,303219,11135950,661688.998,864740.252550118
DE,C,2004,1349832,1335064,1598995.33083685,896048,879770,1075454.67283016,453784,303454,11104277,661334.999,858410.940532884
DE,C,2005,1412928,1382294,1637449.43951825,953150,921131,1105559.78947413,459778,301771,10812799,658317.998,847728.226723723
DE,C,2006,1539677,1507848,1747452.70988947,1046220,1008233,1169450.62500223,493457,309472,10800345,662647,843053.258088944
DE,C,2007,1662407,1631189,1851314.03430193,1140492,1115400,1246779.09725248,521915,320955,10972683,683218.999,850385.350524483
DE,C,2008,1692579,1653707,1841625.41286421,1181023,1142604,1249087.92313937,511556,334105,11204562,706438,860388.461884658
DE,C,2009,1377105,1415835,1540511.67858197,944174,1005626,1063582.41270065,432931,316212,10237355,705737.999,853470.999110513
DE,C,2010,1573598,1537701,1720163.9298871,1065225,1020253,1149283.02124934,508373,326677,10431764,709064.002,845406.054712182
DE,C,2011,1768452,1701204,1859655.23480562,1215202,1146775,1237268.21722473,553250,344068,10795965,721308.006,847859.872078835
DE,C,2012,1767352,1740186,1829931.49061182,1205676,1196502,1218228.6537101,561676,356201,10775696,739984,853195.778284218
DE,C,2013,1753920,1754355,1816474.2848127,1187122,1193180,1205602.55411389,566798,370165,10828023,750991,855882.975038435
DE,C,2014,1794345,1796502,1860574.98951753,1193815,1198386,1217041.90674112,600530,384349,11004039,768174,861111.658453665
DE,C,2015,1814595,1823522,1890828.92422304,1192809,1217116,1240796.25181885,621786,396140,11100111,787118.997,867952.608696197
DE,C,2016,1839046,1850833,1928589.33828568,1185934,1204161,1252604.94797276,653112,406928,11083495,805182,878948.891583892
DE,C,2017,1945087,1902292,1994914.79250989,1272157,1225064,1293934.76195412,672930,420567,11101224,833346.999,895288.488683418
DE,C,2018,1986785,1948355,1998266.50970399,1305165,1268338,1290050.38537489,681620,440610,11229530,870727.004,913963.241474625
DE,C,2019,1977364,1959169,1970490.91851924,1292699,1287135,1272229.18388059,684665,455041,11186824,905004,934055.789309356
DE,C,2020,1838587,1845000,1838587,1195670,1214908,1195670,642917,434195,10472566,918519,918519
DE,C,2021,2076587,1977744,1977744,1389208,1278867,1278867,687379,443325,10669941,943719,921062.625885456
DE,F,1995,250875,245395,397399.513735016,134260,132737,189574.389161038,116615,89207,5480841,56183,74456.8049345472
DE,F,1996,245094,244979,388059.932138677,134833,134884,190455.473764319,110261,86359,5222114,56945,75547.5155564517
DE,F,1997,239148,239831,379726.968366223,133247,131864,186261.676239927,105901,82837,5099252,56355,74704.9149583487
DE,F,1998,232205,233002,369968.149778659,130642,130592,182550.337519978,101563,79690,4976369,55733.999,73995.5374658436
DE,F,1999,235301,235839,375758.138178114,134639,135050,188709.78002536,100662,78184,4917764,55265,73493.3902916841
DE,F,2000,229785,228148,364335.330955076,132813,129837,181979.305469832,96972,76504,4725502,54966,72718.0884718174
DE,F,2001,219140,217438,344758.55992432,127154,126586,173447.120102732,91986,71585,4383553,53240,70230.1585073001
DE,F,2002,203234,202455,318509.145977358,115312,114927,156768.620507783,87922,67272,4139952,50935,67237.6646660383
DE,F,2003,199087,198344,310845.518219063,114950,114371,155489.315041762,84137,64676,3940539,48500,64176.4621722703
DE,F,2004,192292,189961,296596.590869376,110631,108478,146734.840514139,81661,61983,3839881,46635,61197.194250822
DE,F,2005,186707,183684,283319.369486253,107808,105520,139955.892752049,78899,57894,3690224,44857,58196.4481277676
DE,F,2006,200049,195241,296269.325830662,118535,116485,151220.337704275,81514,57850,3773557,43743,55921.0231355544
DE,F,2007,208229,199973,296156.771062765,122684,119201,152069.983335616,85545,59275,3862010,44555.999,55332.9504514983
DE,F,2008,220956,214161,304593.645686109,132103,129561,160594.202267172,88853,59575,3864958,45041,54505.922507986
DE,F,2009,224809,221461,305289.801441424,134797,134455,163453.467868501,90012,62091,3830172,44832.999,53494.9582778085
DE,F,2010,230832,227736,309264.6567578,135801,134292,162841.110017261,95031,63115,3887088,45289,53305.6686818602
DE,F,2011,249158,241918,324117.4847228,148480,143616,172212.199146096,100678,65619,3948111,46072.999,53416.5917260958
DE,F,2012,257099,249919,325107.432490377,151918,150042,174023.860346704,105181,67727,3920598,47759.001,54272.8761264963
DE,F,2013,266909,260736,329706.500289037,158389,156442,179206.155691616,108520,67719,3896309,48907,54759.406371956
DE,F,2014,274038,268821,332068.349565579,161497,158751,179615.733555991,112541,69929,3938698,50643,55676.2523382137
DE,F,2015,277947,272288,329947.76916527,163167,162523,180756.842942719,114780,71872,3935060,52110,56587.3899235122
DE,F,2016,288371,282206,335003.580341052,166873,165501,183342.454441541,121498,74141,3949015,54002,57973.3062023942
DE,F,2017,306278,296469,344411.110895795,177985,173453,190571.8645332,128293,77585,3965160,56672,59789.3932733772
DE,F,2018,335402,321073,361048.160849443,197545,189986,203421.559430314,137857,82069,4012287,60480,62377.8933310804
DE,F,2019,355763,340488,366523.056485367,211417,207368,213536.773575364,144346,86811,4038185,64163,64187.7977880795
DE,F,2020,387436,376062,387436,231692,229392,231692,155744,90760,3979019,67756.001,67756.001
DE,F,2021,396014,368705,368705,232975,218505,218505,163039,94712,4076860,72571,69689.6179018093
DE,G,1995,295991,289179,358014.776382135,120483,121482,155281.372950027,175508,120739,8582818,158995,188033.482756645
DE,G,1996,297362,295770,357747.466681568,121456,122708,158149.006183046,175906,122770,8579144,161769.001,192422.696062598
DE,G,1997,305757,303193,364762.571093766,126156,124573,162207.681359839,179601,124265,8556871,166563.999,198432.927856542
DE,G,1998,321595,319396,381033.651419476,131777,132037,169769.298516987,189818,125828,8591572,171142,205617.335291405
DE,G,1999,326359,329421,390306.088354157,139048,138920,178971.679048543,187311,129210,8604892,174219.001,211738.227386162
DE,G,2000,336727,334742,400331.661231488,141664,139041,178962.669197604,195063,135390,8649314,178988,216525.237075932
DE,G,2001,351833,350137,416274.688007227,144945,142907,180532.938269582,206888,138690,8542423,179670,218891.197712845
DE,G,2002,352747,351117,415427.545537325,142966,141320,176017.902212959,209781,139338,8419453,178635.001,219668.265203094
DE,G,2003,360940,365405,430334.77896925,147237,147255,181298.463903091,213703,139215,8234027,175369,218233.902951814
DE,G,2004,373125,373367,445151.009639863,157871,156606,192834.866494206,215254,138751,8264639,174538.999,215970.580381126
DE,G,2005,381101,380679,454163.19249231,162064,160407,195932.517243421,219037,138504,8142902,173963,214172.716070394
DE,G,2006,394554,406844,484841.472172315,168717,165645,200261.883075738,225837,140007,8197626,174853.003,213649.093533973
DE,G,2007,405704,396398,487107.442545663,172443,169540,201238.758730067,233261,142487,8253028,182678,218194.516344003
DE,G,2008,428383,414348,497485.83845343,186768,182038,212436.000079469,241615,147837,8292432,188669.999,221038.61491134
DE,G,2009,415453,404837,470141.612486889,174771,177484,201876.076405511,240682,148073,8113710,190940.001,222765.471639425
DE,G,2010,429845,430412,487069.756900798,197570,197411,228027.293540052,232275,150657,8096459,194096.998,224597.802082381
DE,G,2011,450293,442576,501495.619886534,206373,199826,230631.077384898,243920,155785,8140241,202204.999,228003.865878771
DE,G,2012,433068,445901,496604.207489403,194784,192041,214614.425007502,238284,161584,8046216,210105,232388.964590596
DE,G,2013,438500,430531,493694.999525756,196913,195295,215177.448516511,241587,165354,7953704,215852,234566.627099478
DE,G,2014,469421,456811,514310.84704301,208185,205785,224872.361108562,261236,171018,7971367,221100,235982.644821193
DE,G,2015,481633,477531,523196.39108454,209529,209077,225835.860621538,272104,175853,7958419,226644.001,238026.651177654
DE,G,2016,503215,497802,540760.724191794,216772,215888,232689.757875342,286443,183237,7982330,231304,239689.754721484
DE,G,2017,540219,527923,567312.229956389,231741,227753,244477.102325867,308478,190450,7959661,238352.999,241090.225453855
DE,G,2018,571585,556410,584315.245983637,255004,246900,260469.215910247,316581,198998,8003552,248150.001,246758.340440325
DE,G,2019,590110,589466,602594.488639469,264165,259794,265361.874630149,325945,207448,7955539,258256.001,255407.080433776
DE,G,2020,616665,603889,616665,276697,275449,276697,339968,203429,7573200,263608,263608
DE,G,2021,645811,620846,620846,302146,288416,288416,343665,208435,7616476,280948,265123.20383367
DE,H,1995,153564,157950,207906.59365155,84731,85900,120209.859192367,68833,55917,3127077,223295.001,295944.865416246
DE,H,1996,156194,156987,212540.910744549,86862,86055,122088.249080019,69332,55256,3000870,228253,304789.07858554
DE,H,1997,165167,161231,219395.006083808,91141,89648,126004.091012475,74026,53871,2901814,235433.001,316406.682067402
DE,H,1998,170379,170150,226014.036006951,95237,95611,132183.947354031,75142,54177,2934112,242136.999,326479.477595331
DE,H,1999,178020,178211,236403.47326158,98546,99050,137476.19082307,79474,54442,2947884,248830.001,338073.05363576
DE,H,2000,194121,187226,248628.674783016,111607,107274,149652.151222313,82514,54418,2910561,259390.001,349232.021126728
DE,H,2001,204300,198681,254469.087499881,117386,114725,153833.030625139,86914,54009,2902246,265776.001,357714.006553339
DE,H,2002,208303,208761,260025.556414893,119632,117674,154210.451380766,88671,54133,2865768,268021.001,362669.532050815
DE,H,2003,210830,208231,259935.678496371,120555,119946,154615.209988275,90275,55229,2831444,272320.001,370065.915070072
DE,H,2004,220875,221110,272610.054889402,128451,123644,158576.940183238,92424,55750,2856097,283035.999,380111.885817468
DE,H,2005,235329,229262,282961.523051745,138447,133155,164384.181283906,96882,55474,2828869,293677.001,389759.513268403
DE,H,2006,250459,247383,297455.351686829,147812,143856,170806.523671713,102647,57218,2895819,311156,405199.517059135
DE,H,2007,270281,267527,317726.006534891,162005,158158,182762.009653281,108276,59380,2966405,335228.998,422602.426501267
DE,H,2008,289267,281067,330405.376177912,178496,169236,190919.48684104,110771,61679,3010171,355600,435081.225131156
DE,H,2009,263366,271780,310431.446164384,156641,166440,178024.378080308,106725,62011,2923243,361639.001,440074.816218478
DE,H,2010,285893,279935,329961.448638119,177055,172503,196051.731615525,108838,63546,2933297,376488.003,455249.864859885
DE,H,2011,305808,296505,342209.215785086,194912,185417,205310.914241087,110896,65912,3008206,389992,463842.472332439
DE,H,2012,312447,303328,339434.014171174,199488,193588,203916.27640219,112959,68900,3005093,397892.999,466049.098965457
DE,H,2013,317409,314872,342068.468924669,197617,197525,201909.701317085,119792,70663,3009528,404924,467789.572535437
DE,H,2014,328769,322645,347711.253166104,208063,207119,211618.106878929,120706,73633,3068764,415476.999,471348.459069985
DE,H,2015,344004,345677,365593.419272192,216209,224001,227828.434459692,127795,77123,3130134,425004.001,475492.918720682
DE,H,2016,337231,340933,362329.685738323,210319,214307,225824.217788127,126912,81945,3186336,434100,479969.381220783
DE,H,2017,351783,342726,368233.65548942,218698,212810,228498.860243208,133085,84277,3248764,453532,487289.338380842
DE,H,2018,371695,366052,383169.925946431,233624,225580,235689.27422136,138071,89632,3351975,471197.003,487062.543986039
DE,H,2019,385404,376891,388526.336269996,244246,240967,243097.187537661,141158,94127,3390482,492667.002,497650.33720675
DE,H,2020,357127,354257,357127,229594,230679,229594,127533,93463,3234397,509752.001,509752.001
DE,H,2021,403717,373588,373588,251667,233050,233050,152050,95893,3327360,541383,513516.403261497
DE,J,1995,103739,103173,81542.2960293085,36474,36081,34359.3721868219,67265,35126,1432293,134592,135787.522309548
DE,J,1996,109031,111554,87685.1453286949,40678,40821,38454.3491812868,68353,36002,1431399,132848.999,142441.520904992
DE,J,1997,119357,119796,96342.5967825329,44870,44574,42137.3754955179,74487,36074,1425616,131450,141967.097465419
DE,J,1998,134265,135579,109436.672580402,50761,50786,47693.0856232533,83504,38238,1471006,130275.002,141797.947258398
DE,J,1999,146057,152506,124304.540934322,61356,62517,58738.5716181502,84701,39684,1482942,130323.002,143523.46994356
DE,J,2000,161125,162893,138633.133546592,72352,72006,68934.2458428927,88773,43476,1597592,133450,145991.70836816
DE,J,2001,177189,178508,153589.594433731,80067,80098,76314.3413246907,97122,46958,1676648,137391.999,151336.198692523
DE,J,2002,177790,178358,154602.897945197,78134,77801,74154.546434889,99656,47637,1676586,134425.999,150340.314566915
DE,J,2003,180717,181368,157714.260613783,88737,89707,85138.1203705761,91980,47746,1645326,130127,148511.245153339
DE,J,2004,185693,186902,163111.99686381,87069,87338,83795.859189801,98624,48442,1671884,130875.999,149416.368048985
DE,J,2005,193216,193321,169812.401898341,95350,95876,92271.7821001891,97866,48763,1695502,130487.001,150155.273601385
DE,J,2006,198268,203390,178754.059819599,94452,95919,92822.4128711907,103816,50215,1754463,131315.998,151926.032331771
DE,J,2007,212249,223168,201203.351129886,103030,105850,104023.762359882,109219,52552,1803246,133936.001,153974.403544211
DE,J,2008,224336,231705,219646.841556616,115773,118199,119339.072961037,108563,55573,1821042,136434,156622.3961009
DE,J,2009,220574,225025,220321.439810274,116681,118222,121863.507757419,103893,55378,1769341,136628.001,157930.596244416
DE,J,2010,216447,219185,218934.030233912,114642,116141,121299.523096772,101805,55654,1733143,136046.998,157445.854455636
DE,J,2011,228598,231570,234230.797291101,117604,117672,124505.482125603,110994,57669,1756738,140166,158990.461155408
DE,J,2012,231254,231902,237616.209911727,115933,116126,122940.747060625,115321,61986,1767407,139769.001,157377.544290861
DE,J,2013,240714,241433,248075.252352902,119931,119858,127102.999673884,120783,63191,1796110,140674.999,157144.859599417
DE,J,2014,249582,250079,257726.642543273,124178,123378,130756.133891692,125404,67223,1826296,141974.997,156918.274423548
DE,J,2015,254889,254627,262936.276698103,128370,127866,134639.499880776,126519,70159,1846077,146236.003,159177.558138016
DE,J,2016,264458,263936,272268.905784834,133623,132765,139249.148567977,130835,73631,1892418,149314,161520.470713253
DE,J,2017,277848,278074,286287.061488826,141615,140925,146858.596663316,136233,77367,1946584,152884,162600.089240457
DE,J,2018,298475,295092,304054.812519293,151412,148320,153811.863553317,147063,82630,1990081,158831,163145.833931325
DE,J,2019,310918,308142,313902.531332004,156966,155676,158143.44748452,153952,89619,2056912,168168,171378.361342137
DE,J,2020,310481,307529,310481,156203,155040,156203,154278,90862,2029978,172290,172290
DE,J,2021,336794,331709,331709,168667,164139,164139,168127,100170,2142435,183204,177306.468537538
DE,K,1995,137042,134776,171308.733298447,59350,59568,49379.3240355313,77692,53469,2027030,125771,167846.131757501
DE,K,1996,145923,142484,178111.480825557,63908,63901,53165.7655466636,82015,53331,2003927,127478,171667.98324456
DE,K,1997,153912,153054,186815.475190852,69169,69697,57981.6980864025,84743,53693,1992715,131221,177049.247866467
DE,K,1998,156547,160774,195144.441033409,74465,74748,62658.3580587028,82082,54912,2003557,133287,180860.573675952
DE,K,1999,175050,171054,213228.213996619,80146,83033,69867.8767835664,94904,55855,2014346,133112,183128.674640214
DE,K,2000,172585,184233,224414.016276716,91465,95069,82877.113991177,81120,59986,2032194,136215,187196.691719032
DE,K,2001,173455,176941,230078.167013463,90233,91749,83134.4484947958,83222,61258,2026837,135146,187492.763575851
DE,K,2002,186708,174016,230822.301524976,95982,94555,87116.4405198255,90726,62841,2019540,132764.001,186252.414632538
DE,K,2003,207865,183587,226963.88944269,106697,106522,96682.8934284851,101168,62320,1981440,129203,183688.511860744
DE,K,2004,222451,203814,222540.678627342,108236,109335,99073.3024640188,114215,62856,1961179,130062.001,183668.65309493
DE,K,2005,221145,224418,224508.471601345,109125,111762,102300.809619569,112020,63085,1941929,129222,181585.924067332
DE,K,2006,225852,225544,228974.377529918,114087,116845,109538.035280628,111765,63708,1964313,126338,175893.352736336
DE,K,2007,223141,231208,234404.423604561,117284,118672,113940.218629841,105857,64026,1915059,127328,168735.635244959
DE,K,2008,219589,226627,238066.385416534,121419,122639,119142.546916417,98170,66234,1881058,128476,165177.100463122
DE,K,2009,235654,216983,235241.102727531,124916,124204,121875.331679611,110738,65878,1852012,129060.999,165283.565368166
DE,K,2010,239993,244158,243730.202584079,124651,125920,122854.892608606,115342,65442,1850520,131493.001,166439.875825189
DE,K,2011,242304,246768,250610.70377581,123466,125345,123538.892700626,118838,67831,1826257,136512,167891.696837377
DE,K,2012,248095,243733,252088.692978199,126213,126837,126911.882894637,121882,69679,1800487,140582.999,169263.663303531
DE,K,2013,244197,254913,259016.445285684,124925,125626,126321.632482563,119272,71710,1789568,144647.999,170086.179700567
DE,K,2014,250692,246026,260956.440774684,130559,131865,133339.220070548,120133,74109,1777723,148663.001,171216.148549113
DE,K,2015,258597,256549,267053.252294866,133722,134501,137365.163938976,124875,75058,1771963,153161.001,173003.046065327
DE,K,2016,257914,255763,264126.579065851,135610,136052,139758.643186802,122304,76749,1741613,153861,171252.434680786
DE,K,2017,258147,262076,268388.832460673,136872,135557,139704.021786544,121275,74571,1682489,160119,173385.340399318
DE,K,2018,262904,253296,263345.371849987,142492,140143,143042.702124844,120412,75637,1625658,166828,174043.028635682
DE,K,2019,275591,273749,274208.578791354,149632,148346,148919.326624738,125959,76914,1603107,173476,174462.88989085
DE,K,2020,280274,281687,280274,151913,152640,151913,128361,78179,1559777,179532,179532
DE,K,2021,299068,292551,292551,159670,154157,154157,139398,79124,1592383,195536.999,181071.281980656
DE,M-N,1995,258690,256575,356939.813408423,90037,89478,115904.844618575,168653,55611,4147400,210941.999,308738.233950768
DE,M-N,1996,271179,268386,370318.329898462,96471,96797,124607.008724682,174708,59667,4326074,218704.999,321006.174906507
DE,M-N,1997,279853,276158,377117.584134831,101450,100760,130146.90631484,178403,62647,4528400,229050,337887.474838318
DE,M-N,1998,297174,296859,400034.121158901,109957,110468,141715.805291156,187217,68078,4857595,245658,367811.236114668
DE,M-N,1999,319482,316867,426543.41183703,121645,121912,157123.759784783,197837,74064,5160394,261197,398684.095683342
DE,M-N,2000,338774,334614,446746.286828165,129660,127186,164280.837781967,209114,83002,5461399,288600.999,436762.168358347
DE,M-N,2001,352430,349220,460521.581603464,135694,135233,171341.898316896,216736,86714,5566400,304253.001,465640.174842078
DE,M-N,2002,354188,349634,456868.038085139,132547,130041,164203.810036019,221641,88960,5572751,311971.999,481254.964887678
DE,M-N,2003,359738,357089,460610.045658758,138332,136397,168973.323255018,221406,91928,5660310,317626,500827.391245481
DE,M-N,2004,362246,359494,460297.627034257,141982,141595,172959.096277754,220264,95834,5825921,326666,514471.788358498
DE,M-N,2005,382187,379232,481881.344985052,154873,153855,187422.502555351,227314,100824,6044429,340692,537735.213488618
DE,M-N,2006,399483,394966,497993.776092243,163706,162273,196377.753108447,235777,107206,6553482,356981,565130.159021541
DE,M-N,2007,427950,422222,526340.114921584,174712,172469,206889.635693626,253238,115592,7001325,382836,602258.481623151
DE,M-N,2008,446560,439549,540605.844546483,184014,181166,214532.303104946,262546,125533,7185771,403660,633547.324184007
DE,M-N,2009,416790,409418,495641.713683563,176140,173351,202100.868822728,240650,125294,6963569,405218.001,634170.969271297
DE,M-N,2010,446941,443457,527353.793097176,191970,193025,221474.510074413,254971,135186,7327537,410970,639914.83262011
DE,M-N,2011,469018,462118,545261.410697342,209445,205859,237498.156844344,259573,147075,7611985,417327.001,636516.881489668
DE,M-N,2012,483726,475660,552983.13201689,215417,212978,241504.368442286,268309,157903,7657954,424528,639063.997420208
DE,M-N,2013,491152,477492,545856.583423278,205132,201868,226314.561286748,286020,161817,7679565,428177,638925.274965815
DE,M-N,2014,525108,515694,573132.075064103,225305,222004,244928.815903434,299803,172495,7853535,436938,644959.269098713
DE,M-N,2015,556740,550375,600709.884087474,243348,241432,262460.45973768,313392,186459,8005457,448199,652844.832193582
DE,M-N,2016,590399,584497,630659.060098927,261924,258696,279013.885843725,328475,194193,8190197,457080,659591.910947928
DE,M-N,2017,618357,609462,651021.990359083,274054,270504,288153.709382382,344303,214286,8420407,473242,673249.765613409
DE,M-N,2018,652691,639868,673669.318738343,286842,279842,294239.494190869,365849,227474,8472975,491704,690695.562704919
DE,M-N,2019,685626,675345,697051.447106435,318977,314370,322477.42586087,366649,236727,8399569,498652,591445.369059675
DE,M-N,2020,646631,636032,646631,290655,287500,290655,355976,235499,7768393,491955.001,491955.001
DE,M-N,2021,731443,710113,710113,333053,321805,321805,398390,249392,8058244,497802.001,477354.916285025
DE,TOT,1995,3222142,3173193,4145062.88996805,1502710,1485468,1883357.23311807,1719432,1024485,58168381,6228262.006,9024218.64811105
DE,TOT,1996,3274504,3270440,4207194.92743247,1530647,1537108,1926468.49351083,1743857,1033988,57682821,6331214.998,9212532.86424468
DE,TOT,1997,3367293,3349369,4303384.04439254,1587323,1569467,1975327.24861118,1779970,1038590,57301714,6448415,9390698.77767931
DE,TOT,1998,3481321,3487181,4456600.32415024,1652946,1667184,2074709.42186851,1828375,1060868,57865881,6566753.996,9583162.60239733
DE,TOT,1999,3604164,3611773,4623597.97403258,1735361,1748297,2194390.05153492,1868803,1090834,58306738,6665355.004,9785674.10168859
DE,TOT,2000,3785177,3749944,4810611.69279079,1869898,1823082,2305314.57370103,1915279,1134632,58546227,6838215.001,9978567.20617986
DE,TOT,2001,3901673,3863606,4910287.73553698,1924164,1910779,2355714.95120155,1977509,1152309,58097389,6947494.002,10143187.6801757
DE,TOT,2002,3896441,3866418,4865919.02649438,1892914,1887863,2311272.37331132,2003527,1160285,57461348,6995795.002,10238889.4536214
DE,TOT,2003,3963842,3933294,4911941.46437639,1947938,1940473,2369342.52483554,2015904,1165998,56634570,7043082.001,10327193.0102019
DE,TOT,2004,4093053,4043518,5010674.92754562,2024036,1995893,2427671.80470918,2069017,1170964,56797160,7165579.997,10397494.538227
DE,TOT,2005,4229317,4179465,5116459.64175261,2134146,2092222,2509455.54258533,2095171,1168433,56304911,7267355.998,10465563.2575938
DE,TOT,2006,4473332,4419889,5347006.07439128,2288463,2241987,2636261.39146725,2184869,1190349,57527472,7466410.999,10569023.915059
DE,TOT,2007,4723700,4669609,5581617.39124934,2448013,2411584,2778094.20186394,2275687,1224004,58562791,7908538.996,10690329.2710465
DE,TOT,2008,4891666,4809074,5682496.99900608,2574377,2511192,2849792.02927726,2317289,1271712,59107021,8217032.999,10794947.312881
DE,TOT,2009,4557032,4567763,5306228.90844776,2332386,2394539,2650714.38876028,2224646,1278780,57541116,8333178,10824756.3586163
DE,TOT,2010,4877046,4813308,5604637.85526695,2535084,2486277,2825608.71928735,2341962,1317103,58581224,8484329,10877366.8931386
DE,TOT,2011,5220976,5090898,5850393.79331317,2768513,2661002,2965957.12538168,2452463,1373460,59328002,8767026.006,10946438.2300695
DE,TOT,2012,5261555,5193033,5819082.10872267,2761354,2728104,2922666.24631427,2500201,1428808,59143211,9049790.999,11025798.2841312
DE,TOT,2013,5309490,5255015,5811849.11448598,2752752,2743444,2903709.98338257,2556738,1471443,59148407,9301206.999,11079228.5828594
DE,TOT,2014,5490588,5428956,5942618.42873484,2827797,2814977,2969347.33600859,2662791,1531870,59858672,9550367.997,11151545.0758829
DE,TOT,2015,5625497,5602586,6063837.02659384,2873560,2901729,3046980.13187258,2751937,1594004,60460400,9776809.003,11221813.2383777
DE,TOT,2016,5776764,5754294,6202669.91860573,2923718,2936739,3113972.00180102,2853046,1657401,60978246,10014301,11317622.3730721
DE,TOT,2017,6067611,5939875,6377806.67217463,3092293,3006873,3202538.11584135,2975318,1732387,61483908,10394467.998,11409619.0601331
DE,TOT,2018,6314794,6166029,6481256.11497215,3248378,3155072,3267555.28606888,3066416,1816102,61964170,10906291.007,11510079.4217697
DE,TOT,2019,6496029,6391475,6559958.47646678,3336756,3303552,3323055.01404191,3159273,1899063,62141255,11397140.005,11632484.2947385
DE,TOT,2020,6340319,6278530,6340319,3241322,3254686,3241322,3098997,1894056,59065847,11671884.001,11671884.001
DE,TOT,2021,6905054,6604585,6604585,3616811,3387908,3387908,3288243,1963032,60455664,12566308.003,11707008.5249158
FR,C,1995,538278.4,528355.3,637057.498969621,359792.2,350739.2,472651.487429037,178486.2,109669.9,5925968,189661.3,298317.002797095
FR,C,1996,539211.6,540064.9,639171.838355911,361110.5,359472.5,472231.504226147,178101.1,110979.2,5872340,191972.8,299768.468806139
FR,C,1997,572515,569008.7,674492.790621543,385161.7,382329.1,499979.496587413,187353.3,113788.7,5819185,193756.4,302969.106763766
FR,C,1998,599382.4,611508,720431.320415008,404069.2,414597.8,538190.581592741,195313.2,115026.8,5797596,197824,309151.036050183
FR,C,1999,626585.3,631390.9,758904.131627856,426910.8,428388.1,570581.575349988,199674.5,117881.2,5734533,208279.8,316924.194278272
FR,C,2000,691529.8,661575.7,801283.611528376,479522.5,451423,603343.008631353,212007.3,120862.8,5682662,221079.7,319484.940575085
FR,C,2001,710476.5,705821.9,817844.033804213,497342.9,491610.6,618552.452656683,213133.6,123468.5,5609776,229884.3,326830.878707014
FR,C,2002,691308.6,697420.9,802815.465557783,478868.4,485200.6,603450.901099612,212440.2,124937.7,5429491,235726.6,329307.939732805
FR,C,2003,675205.7,678868.4,788368.683101103,464430.5,461444.2,581493.617656103,210775.2,125166.5,5331799,240464.7,330501.10974979
FR,C,2004,697934.9,689480.4,805035.791273714,484781.3,473496.1,592844.26870125,213153.6,126378.1,5241207,247267.5,330662.604889806
FR,C,2005,721530.3,705100.6,813301.096489903,507525.2,488249,597084.956348598,214005.1,127834.1,5129575,255084.7,329791.24187871
FR,C,2006,755675.9,737997.2,831862.40684068,540816.9,518269.7,609725.470186113,214859,129145.5,4984047,265490.2,330414.146428992
FR,C,2007,783896.9,765772.5,842976.936200301,559492.3,546033.2,615606.408762795,224404.6,131103.1,4973759,276584.2,333890.405793011
FR,C,2008,798246.7,769653.4,827659.944908756,577994,552043.8,607410.863738012,220252.7,133077.5,4934157,284902.3,335891.327565123
FR,C,2009,675285.6,705930.4,731942.037434563,471602.8,500216.3,525674.686655627,203682.8,128008.8,4592676,284319.5,330380.467061583
FR,C,2010,721227.3,701318.6,760159.205193707,516080,493009.5,549535.783991841,205147.3,128788.1,4463071,285718.3,325150.634538298
FR,C,2011,776376.3,742595.4,782680.756877205,563701.8,529602.1,563934.477653126,212674.5,131144.1,4469372,290202.8,322900.331128485
FR,C,2012,766167.6,750931.8,757029.638317349,552179.2,539894.2,540117.050655067,213988.4,133233.8,4421041,292064.5,319826.020284799
FR,C,2013,759400.2,762769,753671.57289043,541993.1,548241.6,536265.466063218,217407.1,134343.9,4326149,292146.9,317777.176676785
FR,C,2014,764645.8,772146.6,766321.818882847,545363.5,551660.6,545830.802583491,219282.3,135793.9,4302864,292441.2,318081.414977162
FR,C,2015,763688.5,773347.6,775042.692264425,536505.8,553283.8,553757.88920682,227182.7,137200.2,4249418,293495,319140.703100881
FR,C,2016,763015.7,773807,785311.6297719,536146.1,545585.1,563129.14670949,226869.6,137874.5,4231005,296597.6,318724.671369484
FR,C,2017,807750.4,793532.9,816720.566793871,578352,562065.1,590352.592620154,229398.4,140600.2,4158237,299722.4,317384.211584691
FR,C,2018,826769.7,814493.3,823538.347521475,593913.7,580823.1,592874.967042,232856,143262.1,4195206,305924.2,318434.032043105
FR,C,2019,841287.7,831941,828689.435976383,600232.9,594598.2,593558.269876975,241054.8,142273.6,4313702,312023.4,318648.5598706
FR,C,2020,716362.6,727253.2,716362.6,502022.5,507667.8,502022.5,214340.1,132682,3932201,314230.4,314230.4
FR,C,2021,807436.6,772661.2,772661.2,579304,539816.4,539816.4,228132.6,141719.1,4246115,326698.7,310900.8
FR,F,1995,149000.1,147944.5,251197.920953126,92048.6,91110.8,136291.547328373,56951.5,38623.5,2950192,35161,58670.5896368852
FR,F,1996,145202.8,143522.2,241962.778888194,90223.4,89002.2,131780.90219329,54979.4,38250,2862942,34679.2,58019.99201738
FR,F,1997,145701.8,142702.1,237795.666951195,90826.9,89483.4,130700.053238107,54874.9,37328.1,2816960,34036.7,57705.7934631785
FR,F,1998,150627.4,149024.5,243218.548909954,95097.6,94253.7,135631.223876281,55529.8,37600.5,2796831,34046.6,58020.7986318776
FR,F,1999,160957.5,158347.3,255683.896354907,102443.7,100736.5,143673.60253059,58513.8,38610.7,2835526,35385.7,58925.3658989116
FR,F,2000,179921,174106.5,276571.32038405,116614,112126.5,157253.381068296,63307,41762.9,2905498,37411.6,59223.6087776026
FR,F,2001,188656.8,184717.9,283945.028660183,121176.7,118713.2,160084.141504766,67480.1,43589,2928247,38693.5,60386.0262076348
FR,F,2002,195202,189405.1,285071.285783947,124745.2,122237.3,161485.279186185,70456.8,45816.9,2951909,39828.6,60773.84140948
FR,F,2003,204235.2,199022.6,290650.856456717,130209.4,128473.6,166311.771226903,74025.8,48175.2,2974098,41151.9,60984.8712289296
FR,F,2004,219263.5,210892.4,300124.839793594,139680.7,135294.9,172807.296992127,79582.8,51187.3,3097481,42758.5,61120.6174327397
FR,F,2005,236536.9,227943.4,312005.766609614,151683.2,146277.5,180968.590404872,84853.7,54364.6,3219821,44799,61484.5523041307
FR,F,2006,260577.2,251075.7,331183.279461029,167477.3,162979.7,194446.099328133,93099.9,58800.4,3328065,47246.5,62212.9134708488
FR,F,2007,284517.7,273821.6,348016.386219769,181109.2,176002.9,204344.573117905,103408.5,62861.4,3545840,50568.1,63922.0847678795
FR,F,2008,299543.9,285466.1,349176.450218216,187304.4,182206.4,205582.538199883,112239.5,66290.1,3650840,53342.4,65257.5844713935
FR,F,2009,279621.8,277719.3,323735.65053766,171456.8,172134.5,188932.280404346,108165,66811.9,3620612,53177,64147.9863071648
FR,F,2010,280709.5,274433.8,317729.178384954,173030.5,169416.6,186684.136040979,107679,66883.5,3572276,53544.2,62886.7884268003
FR,F,2011,296232.7,287133.3,325000.142481678,184795.2,180724.4,194985.152765116,111437.5,68504.9,3603159,55265.9,62759.9441906348
FR,F,2012,295768.6,289904.8,318057.73402505,186513,184111.9,194264.174325825,109255.6,69133.2,3572651,55638.9,61862.9339199944
FR,F,2013,300094.1,297997.3,320454.388949952,187998.8,187778.9,195582.683053254,112095.3,70764.1,3504768,55108.9,61003.4624365511
FR,F,2014,294978.7,294601.7,314589.349664379,184370.5,185135.4,192603.773322689,110608.2,70419.2,3469223,54364.7,60474.4452596808
FR,F,2015,289025.3,292107.4,311527.161107405,180583.1,181980.8,190107.358564855,108442.2,69725.3,3388894,53390.6,60113.0315617321
FR,F,2016,289916.7,288984.6,311483.292437578,181719.2,182262.2,191875.017142907,108197.5,69885.9,3309609,53376.6,59466.5338126387
FR,F,2017,304077.8,297964.3,320129.5447722,191163.8,187384.4,197856.830551275,112914,72069,3265613,54842.3,59381.0828258125
FR,F,2018,316295.9,309383,325714.797167887,200086,196291.9,203164.475684664,116209.9,73938.1,3346345,56728.3,59787.0097827672
FR,F,2019,331419,324762.4,334433.41897178,208298.8,205219.6,208377.060035267,123120.2,75583.8,3469665,58682.7,60318.6063180842
FR,F,2020,312242.4,309428,312242.4,196235.4,196161.7,196235.4,116007,71966.8,3299287,62379.5,62379.5
FR,F,2021,357822.7,343038.4,343038.4,231831.6,220451,220451,125991.1,80292.1,3744691,68144.8,63492
FR,G,1995,207484.1,207253.9,249965.826137834,82871.9,83632.1,105549.384419342,124612.2,70132.2,4779588,56907.3,92064.0719825789
FR,G,1996,210112.2,208667.9,251392.005517276,85387.1,83538.2,106398.014109727,124725.1,71927.4,4806618,57232.4,93051.571117807
FR,G,1997,216709.2,217205.1,259878.415901506,88470.3,87472.2,108996.187595186,128238.9,73399.5,4835058,57373.6,94698.7245955477
FR,G,1998,228785.8,229347.7,275034.548448584,93948.6,93979.5,115783.570442304,134837.2,75388.3,4925225,58695.9,97414.5604756304
FR,G,1999,237776,240124.6,288665.471949731,100080.9,99495.6,122619.770931118,137695.1,79949.2,5048869,62121,100734.521269748
FR,G,2000,253086.3,252083,306034.495346478,107976,106669,130691.553987339,145110.3,84251.1,5035629,65872.1,101623.47451519
FR,G,2001,271857.2,263928.7,319145.234301311,115875.8,113386.5,137240.293085365,155981.4,87559.8,5074153,68790.4,104720.523570696
FR,G,2002,283634.7,277292.9,325526.443811641,123271.1,118513.8,140364.671887144,160363.6,92074.2,5115976,71662.5,106739.110673762
FR,G,2003,296949.2,289731.2,332523.373188398,128055.8,127460.4,145134.887452162,168893.4,97128.6,5235853,74850.7,108418.189682484
FR,G,2004,313906.8,310023.3,347163.735356077,142110.8,139613.6,158234.176997771,171796,101276.3,5322085,78548.6,110035.249602585
FR,G,2005,324449.7,321331.2,355374.715292726,150879.4,148610.7,165471.532125374,173570.3,104173.6,5338702,82697.8,110913.446005524
FR,G,2006,333952.2,332271.9,363942.490507074,157054.1,155633,170684.87122343,176898.1,107405.2,5242713,86680.2,111081.765325671
FR,G,2007,346019,342951.7,373750.182875378,162662.8,160647.4,174590.034780237,183356.2,110967.1,5382826,91399.9,112557.427042794
FR,G,2008,358871.8,349592.8,377610.399810171,165104.2,161189.3,173008.490528886,193767.6,114461.7,5468140,95554,113862.675920776
FR,G,2009,344102.2,340570.8,358353.807548182,153976.2,156241.3,163721.283112548,190126,114811.3,5428921,96151.9,113060.129588517
FR,G,2010,352999.2,354624.5,369311.907406783,164731.6,163078.3,173399.450848982,188267.6,117910.2,5476890,98076.3,112232.802128753
FR,G,2011,362665.3,360938.2,377617.782414155,169721.4,166409.7,175165.849150642,192943.9,120088.4,5495169,100899,111876.911852896
FR,G,2012,368408.5,363822.9,378823.109598539,173923.1,171639,177144.963347975,194485.4,123236.3,5521310,102595.5,111786.211931296
FR,G,2013,370331.5,370841.4,381324.785709004,175690,174721.4,177958.051570533,194641.5,124080.8,5440258,103071.4,112130.301932591
FR,G,2014,374868.2,378925.3,390173.692549027,179711.2,180890.8,183225.990750953,195157,125920.7,5355447,102854.1,112718.741405765
FR,G,2015,384978.1,389294.8,405189.316154678,183086.7,184549,188158.408419162,201891.4,127893.1,5417967,103630.4,115214.56472907
FR,G,2016,392110.7,395276.5,416028.378567546,189022.2,189734.2,194990.051678701,203088.5,130515.5,5423877,106091.2,116885.908805298
FR,G,2017,406466.7,403905.8,428542.947356518,200193.8,198339.8,204601.8290547,206272.9,135096.8,5450599,110738.2,118821.682382852
FR,G,2018,417351.3,413260.8,435706.052325843,207414.8,205507.6,210032.632602217,209936.5,138019.3,5534359,115383.3,120861.984907644
FR,G,2019,431014.6,424169.1,442823.693324079,212636.1,211055.5,213719.282761775,218378.5,138412.2,5632219,120243.3,123246.369270418
FR,G,2020,415795,404706.7,415795,205435.8,204394.6,205435.8,210359.2,131906.2,5174863,123727.8,123727.8
FR,G,2021,455896.1,443989.2,443989.2,228346.3,223270.8,223270.8,227549.8,142845.9,5624473,134591.2,126019.7
FR,H,1995,96775.4,95867,150719.232884439,52993.5,50290,91228.8539082209,43781.9,35686.8,1861460,112690.3,196521.844760835
FR,H,1996,98213.5,98085.1,152758.976241829,53868.5,51927.8,89394.2404252467,44345,36558.7,1900733,113639,199595.487757535
FR,H,1997,109367.5,107003.4,166430.580708303,61669.1,58026.9,96295.0639006423,47698.4,37253,1890874,114786.6,205182.770346307
FR,H,1998,114331.5,113013.3,171978.596445577,62843.5,60791.9,94925.3336783163,51488,39397.6,1914368,117604.7,211559.193886854
FR,H,1999,122411.4,119573.9,179864.267446188,68870.6,65491.9,98925.7514417072,53540.8,40980.2,1959290,124308.2,218988.834255582
FR,H,2000,133154,129326.8,190025.358284928,77834.2,73932.4,106196.522549373,55319.8,43822.8,2053120,131485.2,221126.080661843
FR,H,2001,138225,135017.3,192684.491695057,79764.4,79952.8,109087.127870339,58460.6,46137.3,2151415,136680,225972.566344272
FR,H,2002,142474.2,139537.5,194514.105696502,81267.7,80491.4,110081.385232793,61206.5,48329.8,2145908,143892.8,228785.98100734
FR,H,2003,144525.1,142300.7,194277.233355136,81906,81032.2,109762.388063902,62619.1,49578.4,2112257,152205.8,229388.89959672
FR,H,2004,151705.3,148846.5,200086.256398336,84985,83306.4,111639.066796164,66720.3,51035.2,2147734,159676.4,230862.991140508
FR,H,2005,158249.8,154370,203600.766751136,89020.6,85486.1,112297.328093705,69229.2,52473,2121592,168569.7,231731.060184404
FR,H,2006,166870,163122.1,209869.362451362,95640.2,91681.3,115653.736620034,71229.8,54442.9,2138787,176953,231026.394153377
FR,H,2007,178146.5,172995.3,217573.040798718,101584.5,99344,120132.588710403,76562,56707.2,2192492,186844.4,234476.782417314
FR,H,2008,183619.9,176281.7,215295.532082682,103808.4,99967.2,118219.989487871,79811.5,58311.6,2245764,194795.2,235433.290632484
FR,H,2009,167596.5,166944.6,195743.633916206,91296.3,92265.9,105075.058743695,76300.2,56978.1,2146237,197802.8,237744.533833941
FR,H,2010,178532.4,175931.7,205478.696029188,97377,92972.1,107003.776374559,81155.4,58095.8,2148116,204218.3,237648.019092659
FR,H,2011,184427.8,181447.9,208834.238990987,104226.9,98904.5,108682.286376019,80200.9,59122.4,2187684,209873.2,234244.673767395
FR,H,2012,187836.9,183489,207771.201945787,105587,101752.3,106101.904671621,82249.9,60563.1,2167847,213216,233341.50561628
FR,H,2013,190595.3,188010.2,207962.893510635,107852.2,107328.4,107851.79676814,82743.1,60996.1,2128402,216204.5,237080.818127488
FR,H,2014,195030.7,193416.4,211041.060280135,108975.7,109967.7,109967.288858825,86055,61431.1,2133102,216252.4,240908.683504571
FR,H,2015,198627.8,196469.9,212598.406349011,109818.2,113381.8,114413.480729498,88809.6,62017.6,2130639,217176.2,248695.879759658
FR,H,2016,198857,200705.8,214822.563734801,109918.7,110769,115404.066420008,88938.3,63213.5,2155574,221712.9,251462.523827928
FR,H,2017,209888,206904.9,223516.602721014,117884.4,115502.1,121266.099581331,92003.6,64493.2,2166420,229088.1,249875.918246643
FR,H,2018,217330.8,212316.8,226103.111357472,127466.1,123534.2,127077.972987944,89864.7,65106.1,2210774,236048.6,248922.610097736
FR,H,2019,226958,223135.3,232141.903419501,131446.8,129506.3,129111.960695186,95511.2,64946.5,2281697,241475.1,248659.080637009
FR,H,2020,200087.3,195619.2,200087.3,115158.1,117240.6,115158.1,84929.2,60027.2,2115497,248950.5,248950.5
FR,H,2021,240477.2,222618.3,222618.3,131058.3,125514.8,125514.8,109418.9,63567.9,2317352,268622.2,243483.5
FR,J,1995,85314.5,84721.5,72164.0346118832,31580.3,31000.6,32895.7044096541,53734.2,27546.4,1043671,36261.5,56424.6444512202
FR,J,1996,89680.2,89220.2,75467.7059688464,33859.7,33738.6,35143.9034079967,55820.5,28200.9,1068706,37515.8,57838.6255168911
FR,J,1997,94937.6,96067.6,80842.8325308457,36096.2,36559.1,37945.6840752662,58841.4,29522.8,1056792,38790.6,59539.4441498466
FR,J,1998,103510.5,104938.9,89359.3046239968,40786.3,41523.1,43650.6456199181,62724.2,31861.8,1110278,40684.7,61930.9618868725
FR,J,1999,113509.4,114888.8,99182.0470105491,46741.5,46605.9,49878.9452511588,66767.9,34380.8,1192497,44179,65252.2882267735
FR,J,2000,126474.2,126404.2,110449.243029484,57049.6,56300.6,60079.6838999046,69424.6,37314.9,1267061,48120.8,67606.4751075235
FR,J,2001,141692.4,141393,123477.751349032,67216.2,66686.2,70228.1140706652,74476.2,40113.8,1316725,52717.5,72805.5682602329
FR,J,2002,144749.5,144203.3,125665.873547981,64829.8,63743.5,66599.8046492281,79919.7,41648.8,1281845,56215.5,76388.2913632006
FR,J,2003,146350.5,148439.5,128869.38771136,65272.1,65495.3,67283.4743504159,81078.4,42487.3,1255092,58940.8,79389.441940973
FR,J,2004,151504.8,152807.3,134554.94302258,66797.9,65710.8,67735.6929889693,84706.9,43412,1280373,62114.8,81931.3781690358
FR,J,2005,158675.5,157877.7,140214.864004546,72848.2,72023.3,73034.4537306178,85827.3,45396.6,1263685,66268.7,84229.5267613827
FR,J,2006,166105.6,168457.4,148858.717518202,76053.1,74365.3,74555.4325572013,90052.5,48321.3,1289718,70348.3,85923.810173807
FR,J,2007,172224.5,171404,153606.98024323,78994.9,76943.4,75428.2004207819,93229.6,50234.3,1339094,74788.9,88525.6484617577
FR,J,2008,180783.8,180196.9,160717.561428201,85459.9,83951.6,80161.1004057896,95323.9,52917.4,1384970,79056.6,91302.1916867115
FR,J,2009,178490.6,178293,158503.229712609,85201,86514.3,81150.1240796748,93289.6,52172.9,1376475,81236.3,92691.8786610643
FR,J,2010,186194.4,188678.6,167550.377877902,92561.6,92192.7,87809.4041647427,93632.8,53779.8,1400376,84429.7,94322.7321362996
FR,J,2011,188346.6,192137.8,172898.653206695,93498.5,92672.5,87914.6104589497,94848.1,55498.2,1418191,88586.6,96648.3548909479
FR,J,2012,189145.6,192617.1,176818.892268718,94426.8,93558.3,87970.8391011786,94718.8,57429.7,1450411,91892.1,98486.0424077768
FR,J,2013,181952.3,187699.8,175467.315734862,87446,93221.2,86847.6659806198,94506.3,58421.3,1448935,94492.3,100625.055918595
FR,J,2014,181990.8,185833.9,179210.571152664,87228.8,88529.3,87923.553689112,94762,60209.6,1442599,96920.9,103527.020839374
FR,J,2015,187930.4,187964.6,185093.110874187,89963,89999.8,90716.6239511416,97967.4,62426.7,1477558,99105.3,106210.345375677
FR,J,2016,195628.3,194606.8,191668.713573061,94004.6,93860.7,94646.9751530175,101623.7,65125.1,1531802,103412.9,109960.838282482
FR,J,2017,205404.4,206937.7,202749.207291419,98560.2,98643.2,99317.2727655257,106844.2,68810.1,1538482,108495.6,113766.135803019
FR,J,2018,215175.5,215519.8,212733.848961391,102931.8,102493,103280.281873992,112243.7,73363.8,1631207,114576,118346.011404857
FR,J,2019,227614.1,229330.4,226728.129716699,110427.7,110248.8,110622.054022852,117186.4,75878,1648615,120522.6,122688.546500761
FR,J,2020,228245.6,229137.5,228245.6,112811.1,112612.9,112811.1,115434.5,75734,1639908,126095.9,126095.9
FR,J,2021,251944.9,251956,251956,127101.5,125307.6,125307.6,124843.4,83378.6,1788589,137766.4,131524.3
FR,K,1995,106309,109899.1,113042.16436076,64087.2,66119.1,66877.5199763309,42221.8,27320.3,1085691,30177.7,51672.2376977069
FR,K,1996,108765.4,111007.7,118038.460231118,65773.2,68038.8,71001.170376699,42992.2,28082.6,1081604,31405.3,52476.1463984718
FR,K,1997,109969.7,114561.4,124328.612388877,67440.4,72670.7,78446.9168611833,42529.3,28510.1,1076673,32733.9,53784.4867942013
FR,K,1998,114473.3,113880.6,128750.164600002,71921.6,70038.7,81469.2688057212,42551.7,29200.3,1064448,34679,58030.539686572
FR,K,1999,121553.4,119850.6,134798.109929643,75512.3,74447.9,84330.9378145293,46041.1,30580.4,1068783,37788,62533.2236217671
FR,K,2000,135123.9,131756.2,146112.628124857,82766,81641.2,91175.5960327463,52357.9,32216.7,1058355,42114.9,67343.6879952749
FR,K,2001,135424.4,137489.2,148670.282243068,86530.2,86965.9,95802.2348189379,48894.2,32800.6,1067789,45572.7,71093.7721005801
FR,K,2002,138923.7,139102.9,152708.576916931,88393.8,88062.3,97498.5050687015,50529.9,33795.8,1080347,47789.6,73584.948718762
FR,K,2003,136104,140098.9,154000.38759857,85384.2,88555.7,97677.0810318417,50719.8,35180.2,1104417,50874.2,77682.4282338761
FR,K,2004,145338.2,144142.6,163095.987402763,89934.9,90580.8,103621.842700746,55403.3,36761.1,1125473,55074.2,81586.6901338411
FR,K,2005,153980.8,152487.5,171118.806886825,95573,96699,111415.352297267,58407.8,39198.6,1133816,58965.1,82795.0647110873
FR,K,2006,170583.9,166873.6,185446.570825124,108528,110024.6,128262.475493768,62055.9,41514.8,1127789,64292,86457.1938056362
FR,K,2007,185761.5,186507.7,202757.783105446,120231.1,119644.9,141400.846364111,65530.4,43092.1,1164758,68710.8,88755.654510741
FR,K,2008,185067.2,185787.6,202786.271129816,122317.6,119413,140438.699029433,62749.6,42724.2,1170969,73387.5,91437.0231985367
FR,K,2009,186631.6,186149.3,203971.975695453,119967.4,118121.3,135620.725878086,66664.2,45046.5,1170629,75686.3,92587.7809519167
FR,K,2010,202086.3,188983.8,206542.724064061,123310.3,122062.3,137988.968072565,78776,46068.2,1179574,77332.1,91733.0545014084
FR,K,2011,198844.5,205802.5,210340.874018645,122413.5,121433.4,135888.644789146,76431,46511.4,1204178,80680.6,92471.2405821721
FR,K,2012,201781.8,201123.5,212751.636458081,125579.9,123234.4,136799.908567303,76201.9,48304.1,1219751,84770.5,95214.0675546685
FR,K,2013,207882.7,202821.1,213847.437842402,127011.6,126430.2,137726.179111035,80871.1,48004.6,1208116,84361.3,95046.5987126492
FR,K,2014,214553.9,211628.8,217701.023960446,131574.2,130143.4,141122.174813316,82979.7,48951.1,1201139,85867.7,98378.4737118836
FR,K,2015,220967.9,219433,222651.691676136,137424.6,136834.7,146764.414709933,83543.3,49914.2,1212434,88976.9,101875.603053396
FR,K,2016,217541.1,215642,217285.207925791,135932.8,133112.1,142158.823437071,81608.3,50734.7,1208140,93731.1,105853.904953881
FR,K,2017,223337.2,227825,227557.011046158,148053.5,146548.3,153260.536858675,75283.7,52585.4,1190850,100167.2,110671.31350197
FR,K,2018,229379.3,226818.7,231104.291722898,148319.5,146777.2,151939.349428505,81059.8,53840.2,1204700,106091.6,114525.858816348
FR,K,2019,235197.8,238059.1,239849.36606612,156847,155576.8,159373.769316702,78350.8,53835.3,1210717,114668.5,119575.542885314
FR,K,2020,238082.5,233465.2,238082.5,158265.6,155756.4,158265.6,79816.9,53327.9,1185571,121255.9,121255.9
FR,K,2021,253802.5,254286.9,254286.9,168590.8,166994.5,166994.5,85211.7,58756.9,1229730,132401.7,125088.4
FR,M-N,1995,197921.9,195417.2,286468.750625706,77865.3,76894.7,104193.968511131,120056.6,73675.1,3748992,119837.6,167264.988856136
FR,M-N,1996,206711.1,203011.9,293835.928995987,81590.4,80140.7,107238.751693758,125120.7,75900.7,3763755,123021.3,170590.675359767
FR,M-N,1997,214186.2,210769.8,299605.294477647,84943.4,83784.5,110122.578039643,129242.8,78726.3,3965711,125171.4,173895.262764142
FR,M-N,1998,229313.5,226148.7,316338.530956883,91226.3,90149.6,116872.01549788,138087.2,84965.8,4188268,129543.6,179170.272172964
FR,M-N,1999,250038,245660.9,338889.809014932,102123.7,99968.2,128071.455487016,147914.3,91559.3,4442705,137395.3,185933.851886514
FR,M-N,2000,280267.2,270653.8,366831.499976666,117791.7,115014.2,144237.194653883,162475.5,100305.3,4794530,147073.1,192163.525636448
FR,M-N,2001,302699.6,291862.9,382008.688118124,131422,129845.1,158996.71168302,171277.6,108210.8,4968392,154703.6,200398.147766336
FR,M-N,2002,314900.4,309541.1,390642.70164097,138536.4,136775.5,165473.472773211,176364,112482,4934638,160527.4,208496.402108128
FR,M-N,2003,321686.3,316464.7,392583.25928452,139325.8,138262.6,165146.4349922,182360.5,115095.4,4915356,166897.8,215433.276648046
FR,M-N,2004,337544.6,331587.8,404666.966740528,147506.3,145386.1,172329.863617646,190038.3,119092.2,5075740,174594.6,220346.872338873
FR,M-N,2005,356612.9,351003,420801.634293144,155908.4,154033,179954.929942768,200704.5,123920.1,5227235,183704.2,225106.688673548
FR,M-N,2006,385108.5,374672,442111.291890677,169725,165327.3,190826.553855514,215383.5,132145.5,5272965,192789.6,229261.938152286
FR,M-N,2007,406459,397447.1,456276.220439702,176165.9,174208.8,195867.815320692,230293.1,140329,5518930,202373.7,235575.781504965
FR,M-N,2008,424170.2,414386.1,465174.897125536,184120.5,180190.1,200342.070908258,240049.7,145922,5571210,211449.4,243209.475309809
FR,M-N,2009,398521.1,395166.8,433367.727241158,173618.5,172763.6,187984.593793553,224902.6,142882.4,5319919,215547.5,246021.143550035
FR,M-N,2010,418959.5,415779.8,452135.525468497,184059.2,181956.7,197012.739641889,234900.3,150282.7,5489373,221982.5,248601.114057141
FR,M-N,2011,447956.9,441204.4,476141.925969008,199784.4,196807.7,210658.44119511,248172.5,160012,5753535,231173.6,253403.637487642
FR,M-N,2012,458225.3,452745.5,481231.820167971,209010.5,205550.8,216738.699890521,249214.8,163534.6,5779475,238021.4,257693.137301707
FR,M-N,2013,462802.9,461208.6,484364.905331769,210949.7,210093.3,217861.536610406,251853.2,167844,5793446,242397.3,261820.079123242
FR,M-N,2014,475558,474003,496086.818431723,218586.3,218660.4,225824.880243233,256971.7,173208.6,5886060,245474.9,266085.612091083
FR,M-N,2015,491391,488207.4,509282.26588728,226793.9,226311.1,233805.490349644,264597.1,178608,5976491,251271.7,273415.15043426
FR,M-N,2016,505841.4,502766.8,521072.252273438,232070.7,231718.7,238882.546120871,273770.7,185946.1,6229942,260698.1,281791.540724304
FR,M-N,2017,525818.4,524800.2,540601.900531572,240187,238664.7,245670.09624728,285631.4,195586,6480540,273534.4,290717.490644895
FR,M-N,2018,552910.5,547860.9,563264.130290871,255345.7,253008.7,258784.495748726,297564.8,204294.7,6758761,287198.2,300438.349830012
FR,M-N,2019,582510.5,575253.7,586025.722114349,271119.3,268333.9,271947.61064623,311391.2,207655.7,6809624,301690.9,309722.078556032
FR,M-N,2020,546661.6,543382.5,546661.6,253328.6,252557,253328.6,293333,194644.8,6177870,311203.8,311203.8
FR,M-N,2021,607892.4,601112.9,601112.9,288266.1,283060,283060,319626.3,215383.9,6928939,332095.2,315409
FR,TOT,1995,2068715.1,2040895.7,2791047.59212771,983599.6,965876.5,1310681.66328743,1085115.5,619847.5,37443135,3369405,7790170.5202755
FR,TOT,1996,2113448.6,2099370.1,2832406.38722554,1003017.3,998341,1330325.10628109,1110431.3,637269.4,37569075,3479758.5,7812721.84439288
FR,TOT,1997,2198652,2180836.3,2922718.18941483,1049365.7,1042488.9,1382677.20475944,1149286.3,654027.5,37836247,3579631.8,7828877.11494723
FR,TOT,1998,2296945.7,2294608,3050274.6861153,1096965.8,1104861,1455799.55503379,1199979.9,678016.1,38282800,3680319.2,7892929.1658565
FR,TOT,1999,2413850.8,2403990.1,3192426.42423014,1169890.2,1163000.4,1543435.0504128,1243960.6,709318.4,39107296,3820446.4,7976862.9727082
FR,TOT,2000,2622461.7,2551722.7,3374768.22295226,1303207.4,1256395.4,1657561.28014185,1319254.3,748654.3,39617701,3998898.6,8030884.66270376
FR,TOT,2001,2743180,2691972.3,3464219.35355918,1369362.9,1347891.3,1714395.13673731,1373817.1,781643.5,39691246,4184062.6,8079035.44523421
FR,TOT,2002,2802455.5,2766020.9,3493063.9382502,1384973.8,1378073,1725299.88162304,1417481.7,813793.9,39012782,4371322,8094996.12877818
FR,TOT,2003,2849038,2813123.7,3506361.10022334,1391261.3,1382964.7,1722797.09060117,1457776.7,837819.9,39121544,4594921.8,8108324.75902708
FR,TOT,2004,2981543.3,2935814.3,3613158.21656272,1459633.3,1433223.5,1774758.82925891,1521910,866987.4,39800789,4856021.9,8077428.78076616
FR,TOT,2005,3124467.8,3052231.7,3698821.36063837,1544800.1,1503825.5,1828491.84366354,1579667.7,899273.6,40110465,5133765.4,8064275.90503507
FR,TOT,2006,3301823.7,3226163.3,3819210.97952988,1652383.8,1603353.1,1897797.69295888,1649439.9,937325.9,40142836,5435963.8,8047226.10944581
FR,TOT,2007,3480607.2,3402422.6,3935573.4683595,1744447.3,1709271.4,1963134.30303577,1736159.9,974335.2,41320198,5781071.6,8057792.8272092
FR,TOT,2008,3589021.3,3489012.9,3945077.91629117,1801560.7,1741866.4,1960229.85684086,1787460.6,1003884.8,41711103,6043497.7,8029135.8182686
FR,TOT,2009,3405041.2,3414889.5,3753670.99465935,1661467.9,1674253,1821709.76448664,1743573.3,1006633,40922261,6200734.8,8090132.82824769
FR,TOT,2010,3562583,3496592.7,3854596.12004919,1769985.4,1721730.3,1887784.22942899,1792597.6,1032728.8,41177447,6442058.7,8091379.47435767
FR,TOT,2011,3710048.8,3640247.1,3938626.08890244,1864266.7,1802216.6,1922160.53053045,1845782.1,1064378,41649169,6692975.1,8060575.74024504
FR,TOT,2012,3757021.1,3703115.4,3931265.51991887,1890304.5,1850006.2,1907457.17813691,1866716.6,1088779.6,41639913,6861719.9,8061578.227651
FR,TOT,2013,3782756.6,3773543.4,3948554.09684482,1888411.6,1891436.6,1908599.55084531,1894345,1107914.9,41306925,6987895.1,8113698.3056565
FR,TOT,2014,3824657,3830209,3998086.32644297,1902850.6,1913138.6,1933590.89335441,1921806.4,1126854.6,41292763,7063161.8,8142057.89503218
FR,TOT,2015,3874959,3880462,4056421.8078854,1914631.7,1942907.4,1974294.8055254,1960327.3,1143090.7,41400748,7117861.1,8236072.58991561
FR,TOT,2016,3916430.5,3922369.2,4106052.20892866,1932692.8,1948717.2,2009442.46634902,1983737.7,1164986.1,41784942,7288019.6,8291056.91055759
FR,TOT,2017,4081058.4,4042562.9,4238291.55790663,2051352.6,2020041.1,2100259.47740395,2029705.8,1202199,41847290,7530690.7,8276459.09250769
FR,TOT,2018,4218828.5,4163624.9,4324039.14238518,2136850.6,2100980.5,2151070.57020129,2081977.9,1231985.4,42482169,7781170.5,8280822.35366821
FR,TOT,2019,4351548.9,4309166.7,4416630.2284776,2200859.1,2183343.8,2197873.16568198,2150689.8,1243041.1,43118594,8009647.5,8286855.27041778
FR,TOT,2020,4075011.5,4014964.1,4075011.5,2018466.3,2021208.5,2018466.3,2056545.2,1195011.5,39840948,8294431.3,8294431.3
FR,TOT,2021,4520881.4,4387581,4387581,2308117,2196478.5,2196478.5,2212764.4,1285635.5,43169828,8966572.5,8201465.8
JP,C,1995,315096273,319002784,296382287.354712,192150606,192661594,212017824.72528,122945667,64920200.2207211,28374960.4760742,243801334.272244,241827382.065977
JP,C,1996,321736503,324919396,305622002.048852,196142575,197081750,217458819.401546,125593928,65732783.3543423,28234980.5361328,247576774.978318,246116640.496716
JP,C,1997,332762805,330380704,313833249.423952,205382625,201858777,223796242.770137,127380180,67826247.5756951,27861662.0493164,254098413.568667,251137891.711308
JP,C,1998,312547474,316457826,298455795.981223,189581335,194251493,211667147.042695,122966139,65381237.5091425,26185625.8339844,256938509.765961,256814677.576092
JP,C,1999,297238658,305504068,291729952.648543,178522625,183675374,205073154.467342,118716033,63972206.6185477,25474200.8759766,254072186.361544,257971611.916353
JP,C,2000,307925802,310262384,304512310.753819,187327982,185452186,213033304.803155,120597820,65113423.8800991,25605209.5224609,256072597.895708,261256498.297058
JP,C,2001,294656430,299236812,295919641.981564,182004252,184881292,210250877.688081,112652178,61531066.9881489,24474774.7045898,256358460.322107,265093159.151597
JP,C,2002,282669887,287947970,289182422.36125,173666774,176834480,204278769.407626,109003113,57603881.6199631,23280969.71875,251995558.224286,264558349.285041
JP,C,2003,286205156,289845948,296523815.266651,176277180,176123924,207169037.745598,109927976,56750831.9636242,22752086.4926758,250446903.163004,264922291.097034
JP,C,2004,299267362,296869448,307572590.890238,187131480,181015027,212737173.13315,112135882,57004555.9177036,22367621.171875,251355256.832511,266590444.081129
JP,C,2005,313479843,307841651,316384832.442899,199092300,190232294,216262279.677338,114387543,57620580.7649038,22155643.9921875,258059141.357008,272402813.400531
JP,C,2006,331548260,323802253,326802899.285738,216721792,205036438,222719047.892868,114826468,59239988.6806977,22894472.2182617,265469220.9208,277626973.793265
JP,C,2007,351465793,345130122,340190367.762571,233193794,224376336,230585413.042405,118271999,59284078.2622915,22840193.8222656,273843799.565065,284954081.174556
JP,C,2008,356775870,345139153,334066693.620828,244193156,227150543,224609758.613309,112582714,58173593.3780205,22045084.3535156,284154418.787167,290379234.500255
JP,C,2009,274045519,296262126,277404715.95766,179508507,203824399,187478428.178768,94537012,49959351.5291284,19294532.7192383,273140805.634751,286562266.824576
JP,C,2010,303255815,304282689,308012527.338125,198013603,194303945,202930762.482102,105242212,51211855.9158538,20025712.8330078,267405528.979793,281613223.12264
JP,C,2011,298927991,295274497,299906018.552236,201501639,193167173,197963983.835,97426352,51888492.7514107,19861787.2543945,266012951.670481,279692488.295769
JP,C,2012,298062643,303227899,304219994.918608,199362801,203732229,200155412.57421,98699842,51039379.4740411,19874634.5449219,264926021.045533,278658639.004479
JP,C,2013,300678303,293751946,299820247.918325,202075814,195601770,196379428.751083,98602489,48908298.3672652,19100304.9335938,265055425.119818,277157606.523354
JP,C,2014,313944109,305018144,304147704.178267,212001642,204149123,198394292.524164,101942467,49087756.0024076,19075247.3994141,269950082.52533,277181723.29319
JP,C,2015,315349008,321008151,310991317.722609,204933245,216131129,202258727.931946,110415763,49441018.3493713,18990201.7924805,273776651.161197,279504174.364499
JP,C,2016,302409733,315811301,311447222.468134,191671111,205312539,202633071.889425,110738622,49974324.6585905,19110527.7202148,274087822.229792,282180606.222267
JP,C,2017,321009215,311269510,320571773.159554,207689158,195964291,207171785.350392,113320057,51697301.6367073,19410050.1809082,279118015.867751,284657457.286249
JP,C,2018,333083494,326554045,326109047.175093,218011486,209382390,208860799.354928,115072008,51696038.5426048,19435948.1933594,286163982.132773,288475663.068446
JP,C,2019,323958763,326109958,319281530.287087,210846725,213130174,204184372.690781,113112038,51880455.0687375,18993174.6362305,290413751.448707,290290756.674683
JP,C,2020,293328946,297625993,293328946,185317217,191363951,185317217,108011729,48268844.1915134,17720333.059082,289658899.658475,289658899.658475
JP,C,2021,322075783,305513898,305513898,209374309,189383304,189383304,112701474,49374662.5949846,17917129.3317871,NA,NA
JP,F,1995,88094707,88437669,102315620.6372,48491918,48925491,57691634.9192493,39602789,32859105.5112692,12606403.5,27022170.1669424,26181629.2606567
JP,F,1996,92402391,91976336,106823851.537137,51197277,51301872,61034683.5548567,41205114,33353969.0385274,12722384,27527781.9620541,26781061.0166894
JP,F,1997,87752876,86196572,99649475.6324885,48480754,47803178,56988418.3908157,39272122,33980422.8599445,12771569.5,27707890.4273934,26888685.4784165
JP,F,1998,82626603,84140565,95547446.0081663,44675927,45807933,53846556.3349624,37950676,31934736.2257432,12295307.5,27059527.9404449,26657282.290445
JP,F,1999,79278074,80666914,93281308.0801639,42524134,43380022,52284640.8634097,36753940,30749529.439332,12127904.5,26289844.103992,26405280.0252087
JP,F,2000,77317244,77095320,90713004.6632922,41621516,41782699,51373025.2923892,35695728,31180317.8507163,12285426.5,26159138.124838,26519449.7159289
JP,F,2001,73356708,74205457,87062078.5045407,39342818,39705352,49007923.0304638,34013890,29068209.0637709,11583292.5,25455482.4214059,26192985.1515785
JP,F,2002,68880321,69758317,82791393.4060214,36922286,37298392,46461255.6298348,31958035,28056920.7694681,11285837.5,24524173.5388906,25673449.9476297
JP,F,2003,65990944,65873632,79177473.3743688,35242021,35349907,44482648.3825483,30748923,27724769.3152353,11181792,23357799.9364549,24714819.923953
JP,F,2004,64121395,63588725,76295235.0037236,34313226,33855268,42732282.0771528,29808169,27758723.3962334,11512740.5,22520147.6299104,23939183.9944307
JP,F,2005,63269039,62576580,74457127.4038768,34491696,33755693,42037953.3823421,28777343,27057707.4797329,10897529.5,22022998.0544677,23306880.6522345
JP,F,2006,62855649,61788953,72715312.5507905,34148092,33215185,40482161.2313836,28707557,25813911.843212,10754018.5,21591568.5271111,22706364.6188366
JP,F,2007,59503188,58414254,67577231.396199,32424569,31754427,37644499.5411223,27078619,24237110.4824142,10792810.5,22023503.9695392,23044712.3416877
JP,F,2008,57464954,55615488,63162005.7363738,31541513,30473017,35378773.2528723,25923441,22342962.6649772,10449818.75,22016595.44584,22628025.4246141
JP,F,2009,52928194,54322911,59708461.8948538,28004591,28860201,32371259.6542632,24923603,19854579.7707858,9741099.5,20957300.1920469,21943091.3448701
JP,F,2010,50690310,50887352,57406181.6245234,27225665,27233463,31479892.0669032,23464645,17770542.9525265,9472077.5,20630191.8170934,21770612.9888256
JP,F,2011,52853505,52479640,59432576.8658665,29241871,28837191,33343231.8436546,23611634,16386495.5754489,9509404.25,20457826.7436844,21553377.2719171
JP,F,2012,53352843,53485704,60143470.4132675,29905291,30002011,34209986.3770302,23447552,17947123.176013,9545584.75,20278389.8182142,21408257.0985426
JP,F,2013,58306004,57447856,64759687.2699296,32955342,32156227,36784931.7235098,25350662,19331285.0850544,9335724.25,20833243.8051858,21763297.0886734
JP,F,2014,59448138,57320994,63665650.032225,33031258,31492678,35152298.2228641,26416880,21484416.5326667,9551003.75,21533060.1548448,22074308.731572
JP,F,2015,60891302,60184137,64453864.034118,32996634,32865508,34975904.8977767,27894668,23316476.2224638,9428311.5,21922005.3005086,22278885.0617329
JP,F,2016,62981391,63394337,67103343.8820384,33699893,34211595,36263744.1480017,29281498,23089665.2286338,9245484.5,21801131.7289329,22361947.6713846
JP,F,2017,65040413,64002337,68191107.8935223,34917483,34091923,36685599.3633385,30122930,24069217.2137816,9380461.25,22541201.8959642,22962267.3124865
JP,F,2018,65845408,64699449,67833626.8776528,35797366,34781452,36542680.1624615,30048042,24678768.5272825,9209769.5,23001587.1537444,23253094.2935583
JP,F,2019,66943868,65712473,67696677.8714445,36509890,35940867,36689168.905404,30433978,24786313.1781293,9033867.5,23462425.9034602,23519514.6350812
JP,F,2020,66247183,65510492,66247183,35437967,35264802,35437967,30809216,23947202.9766915,8668665.25,23936603.0299568,23936603.0299568
JP,F,2021,66681027,64468731,64468731,36524666,34535727,34535727,30156361,23575760.274854,8579708.5,NA,NA
JP,G,1995,112549596,114265106,111379596.992614,36981876,37399837,34151504.3814958,75567720,45116665.5548547,22667601.625,66179168.9161961,64071991.7891977
JP,G,1996,114184987,115817818,114613844.490423,38170903,38358025,35422331.1671107,76014084,44987798.3201881,22674548.625,68095666.9533717,66279653.6460037
JP,G,1997,117895588,116654325,117092456.862873,39032437,38989789,36182251.6510487,78863151,45305299.8184056,22249170.375,70118560.3261837,68110913.5717944
JP,G,1998,114706718,115556386,114769190.030542,38237133,38712028,35885239.2183057,76469585,44076258.7040787,22192880.25,69448678.2549266,68709165.6998394
JP,G,1999,114855940,116112014,116175251.388458,38649931,39391167,36968290.7681187,76206009,44036173.7114278,22339859.875,68434086.4433499,69042456.0434942
JP,G,2000,113424080,113847291,115155016.378082,38697915,39008318,37311084.5191222,74726165,42078983.1194488,22040293.5,69665714.139656,70772581.6465025
JP,G,2001,114274351,116350881,118126482.552552,39693772,39789421,38363473.843434,74580579,40747904.9690861,21452832.875,68756812.8984487,70963351.5072166
JP,G,2002,114052036,116097453,120011040.414486,40275668,40651067,39288686.0327153,73776368,38479099.6001776,20662496.875,67493470.6885408,70918451.8968772
JP,G,2003,115182783,115926720,121983673.12828,41611039,41882503,40856144.4749037,73571744,38815328.3193943,20503297.125,66553370.9990255,70682288.9069871
JP,G,2004,119642576,118982700,126007953.677593,42006376,42201074,41435475.2434829,77636200,39941182.5333734,20759051.875,67033111.2209153,71488762.4094359
JP,G,2005,125095147,124409279,131028260.920215,46268474,46317551,45688057.8748154,78826673,40352252.2089448,20398207.125,68295900.0781129,72529257.1115545
JP,G,2006,122718602,121729732,127503228.292652,46833540,46728597,46142408.8493804,75885062,40463453.7076608,20161875.875,69868691.8383342,73802155.751622
JP,G,2007,121168318,120261447,124950272.263089,47203737,47045403,46351145.3481814,73964581,40039403.4169929,19842282.125,70709565.8460295,74323584.4899008
JP,G,2008,122540611,119700746,123436893.815716,48316132,47561426,46702373.7864816,74224479,38689338.3527454,19381639.5,72196298.5662311,74644833.3512147
JP,G,2009,110441408,114473412,115310689.953771,42700443,44055835,42584370.6537924,67740965,36760990.8826186,18730134.6875,70177707.6715328,74142129.8101737
JP,G,2010,114110338,114673648,119729526.360221,44546401,45276071,45152997.3403653,69563937,37794650.1003027,18962795.5,68841476.7328389,73513725.3377888
JP,G,2011,114844329,114805976,120459419.985268,44480020,44375634,44979904.9754664,70364309,37579460.4955198,18824353.25,69134292.3652987,73355655.9921255
JP,G,2012,116394416,117197770,122927927.92378,44739133,44974666,45480110.0130652,71655283,38121394.3106612,18405487.375,68944343.6650389,73591846.4848665
JP,G,2013,119518750,118968422,125646419.367934,46655247,46205741,46971008.2203694,72863503,38113679.7284686,18160674.625,70266805.1886531,74241246.642311
JP,G,2014,117779672,114904841,120795957.451796,46236197,45215327,45521342.8878361,71543475,38296931.5756813,17898599.9375,72484051.7809097,75066155.7819591
JP,G,2015,117970940,118537816,121573517.185247,45606232,45838080,45129381.1426589,72364708,40004515.6570728,18270488.5,74079313.3037317,76072108.5521814
JP,G,2016,117450153,117910177,121510898.614736,44902975,46072029,45590307.8499587,72547178,41054397.1612109,18494397.375,74352755.0728917,76894394.7369608
JP,G,2017,120042879,120045059,124195521.425578,45665109,45185483,45877140.2188624,74377770,42662728.7259956,18548590.9375,75633552.7930093,77522838.6801168
JP,G,2018,120733981,119708300,123849368.336705,47681000,47100190,47318884.5550563,73052981,42806407.8582883,18112914.75,76277109.3374361,77377363.5088145
JP,G,2019,119474949,118422562,121478306.099377,47720337,47570568,47209291.2357219,71754612,41715032.8763478,17641435.3125,77581416.9352652,77829088.3870154
JP,G,2020,118954694,116992955,118954694,47783164,48300422,47783164,71171530,39894467.4058784,16587053.4375,77649959.1456174,77649959.1456174
JP,G,2021,127379587,124995747,124995747,50155109,49152173,49152173,77224478,40754515.7702153,16821175.8125,NA,NA
JP,H,1995,45478260,45405093,50505456.0608328,16715365,16740493,19076407.6182799,28762895,21144933.9421684,8077803.015625,118008853.910998,130791625.370823
JP,H,1996,43107436,42851886,47588760.9925449,15758113,15465506,17650006.2355176,27349323,21182913.0511755,8240296.171875,121919930.573862,134925237.609082
JP,H,1997,43736381,43275073,47773825.0526413,16334184,15908740,17818717.2664156,27402197,20919632.7416534,8070238.796875,126984701.984025,139163173.037651
JP,H,1998,42847504,42773684,46722258.4391005,16270854,16589993,18097775.4823145,26576650,20049010.4199394,7943539.125,126792725.511144,141265217.116896
JP,H,1999,42061801,42236929,46056468.3630565,15968109,16095565,17902804.7102506,26093692,19367798.0731385,7923196.625,126575895.562873,143803381.594999
JP,H,2000,42254001,42231427,46242203.9786701,16131103,15735573,17642094.6539689,26122898,19531544.1415052,8081876.46875,128014815.902505,145433672.13988
JP,H,2001,42477061,42418757,46422510.7041494,16353746,16135371,17646762.4352101,26123315,18618895.0446789,7822296.59375,127687746.713647,146738030.890517
JP,H,2002,42590239,42841083,46820344.6124687,16357130,16396426,17692816.9490037,26233109,17904748.3655734,7718386.015625,126745672.59141,147713594.993497
JP,H,2003,43339765,43537323,47861493.9532121,16866573,16726847,18092724.2190404,26473192,17577565.0914403,7731136.734375,128439941.76504,149821455.274223
JP,H,2004,44806096,44677042,49338291.8788416,17520653,17203455,18454096.5689753,27285443,17643436.9432325,7631078.90625,130275223.154534,151137403.414056
JP,H,2005,45412369,45128524,49693333.8975417,18296612,17828106,18777929.6676858,27115757,17115429.5812605,7443306.359375,132241798.361836,151487706.074458
JP,H,2006,46577606,46440522,50818409.5421697,18466320,17804774,18273153.1892921,28111286,17884178.8031152,7732079.96875,134266704.244525,151645389.566256
JP,H,2007,48195207,47654468,51993317.8046596,19136958,18488216,18294820.1463378,29058249,17407387.2767893,7831549.484375,137226255.474375,152958612.386239
JP,H,2008,48033769,47359386,51091628.4129986,20035808,19058769,18220071.9187239,27997961,17318383.0519325,7539911.015625,143430023.654884,153892435.485165
JP,H,2009,41734658,43441746,46207274.3915612,16426299,19025278,17301120.7451038,25308359,16929239.9094739,7419742.34375,140625636.214325,154499705.88738
JP,H,2010,42088665,42208935,46732378.670039,16303160,16084301,16940908.8256334,25785505,17121090.3345819,7540097.84375,140101578.777796,154664970.200496
JP,H,2011,40940019,41018849,45544528.0594467,15906574,15542009,16149983.0361828,25033445,16110806.5761525,7461292.046875,140683180.001962,154438401.783768
JP,H,2012,42741256,42704050,47506958.984973,16595722,16733865,16989933.5884505,26145534,16442305.5296951,7630425.5,141288180.68872,155235208.132159
JP,H,2013,43578040,43061437,47862840.5630615,17251058,16681239,17077481.9428206,26326982,16991346.2640267,7683569.921875,143306013.166746,155720975.079983
JP,H,2014,46295196,44735946,49134597.398959,18488740,17778978,17600090.136895,27806456,16971681.6243723,7798836.75,148179316.22783,156628144.285884
JP,H,2015,47018883,46586968,49444264.5132809,18523190,19311437,18383244.7139702,28495693,17167158.8550879,7664936.6875,150431269.16052,157392848.275207
JP,H,2016,46057486,46941029,49362394.5596834,17528243,18564698,18424439.1152363,28529243,17183188.0335454,7648151.40625,150244522.611241,158338311.837265
JP,H,2017,47774100,47050004,50426131.8449444,18387708,17597920,18497678.6090197,29386392,17331181.0940109,7792826.421875,153698106.784337,159711650.073445
JP,H,2018,48159726,46766910,49363030.7978727,18610292,17808685,17915192.6699766,29549434,17718010.2488113,7625790.1875,158264798.973828,161921842.99244
JP,H,2019,48279584,47685506,48876962.07595,18370141,18344359,17659192.3378859,29909443,17914509.6080212,7525653.359375,162842743.090551,163924677.806996
JP,H,2020,37750207,37288821,37750207,14995575,15599288,14995575,22754632,16833481.0347343,7146937.421875,165538112.362901,165538112.362901
JP,H,2021,38264705,37717987,37717987,15638683,14483030,14483030,22626022,16907997.050143,7290639.9375,NA,NA
JP,J,1995,27874501,28360640,21161989.6451541,10640033,10652399,9562586.38566511,17234468,8036659.18509816,2397709.1015625,40116924.4170963,36026750.5554967
JP,J,1996,31585522,32362798,24569451.3478184,11866949,11911176,10705009.0403724,19718573,8647176.84657422,2419861.21875,44675215.1573514,40291671.1967637
JP,J,1997,34678074,35522196,27631674.613124,13145377,13072947,11792923.0014648,21532697,9038852.83877154,2462678.9453125,48859519.523322,44145252.7567439
JP,J,1998,37713179,38747024,30873835.7094141,14335478,14489554,12998805.1805259,23377701,9904994.35138566,2562274.09375,52237520.3998965,48155659.496387
JP,J,1999,40643444,41415079,33904390.4237934,16571174,16884336,15310001.8197189,24072270,9757415.06210115,2576418.34375,55120447.0224571,51977261.8831394
JP,J,2000,43874320,45023276,37558006.345678,18691987,18962741,17519555.2962547,25182333,10639253.21429,2796738.8046875,59384552.6003131,56136717.0624239
JP,J,2001,45951737,47545476,40700648.7921928,19879781,20278560,19006612.472415,26071956,10693968.5528576,2869221.0234375,62156396.6195473,59332834.8738021
JP,J,2002,46845337,47925459,42448825.7095403,20346353,20717647,19807677.3516414,26498984,10425335.6219585,2816583.3203125,63234805.1047554,61855049.5948584
JP,J,2003,47241372,48005607,43500202.4774352,20469877,20695311,20147396.5864976,26771495,10621251.2241997,2901219.2109375,65152291.5632713,64237113.5560356
JP,J,2004,47061666,47324059,43576341.2746372,20578567,20771259,20444030.6443394,26483099,10717202.41327,2901247.0625,66498186.5136056,66002059.3656035
JP,J,2005,47101581,47561561,44039214.7122559,20268735,20315818,20182999.416666,26832846,11149078.2343426,3065417.5,67885529.9965131,67467210.642496
JP,J,2006,47828934,48425845,45277380.0857645,20976107,20981884,20893131.8374113,26852827,12028332.1028738,3237036.390625,69288928.6380462,69213337.2939951
JP,J,2007,48522668,48876853,46269395.2300305,21573376,21561206,21475916.3619629,26949292,11871249.8872924,3218689.1875,69814740.5754405,70055796.6933293
JP,J,2008,48626626,48906354,46635263.8005351,21727600,21622326,21524645.2259996,26899026,11406230.565194,3268334.7578125,71344363.416457,70824688.1214983
JP,J,2009,46741182,47653583,45702068.9497497,20952268,21430166,21229989.519518,25788914,11819476.7892611,3186755.09375,69944129.7245677,71482185.4896413
JP,J,2010,46465115,47251319,46200864.9867823,21107430,21575906,21861893.8176099,25357685,11275943.2839618,3291403.9921875,69387824.1836736,72050582.2236453
JP,J,2011,46268294,46703862,46438254.2176709,21365475,21566644,22337521.9593382,24902819,11304659.3320228,3220573.9375,69516477.3589855,72805203.7667467
JP,J,2012,47502636,47780894,47956410.5458391,22586334,22769097,23805003.3632204,24916302,10354488.2911332,3049549.453125,69392813.7028757,74006894.333894
JP,J,2013,48891915,49267390,49738022.5670417,23598339,23508389,24776808.8087643,25293576,10498085.6940833,3049769.75,70453873.8066289,74956417.2901646
JP,J,2014,50629019,49809307,50671290.6543896,24998396,24404629,25623363.8639493,25630623,10315438.0031844,3131723.34375,72598370.6480927,75559110.5317264
JP,J,2015,52847766,52684972,52728960.2299104,26231813,26064732,26716358.6036609,26615953,10830793.9991616,3048819.9375,73759766.081168,76118263.4582486
JP,J,2016,53621400,53649184,53528576.5817073,26581762,26794419,27289356.880546,27039638,10926186.6963214,3150216.9765625,73639391.3817286,76464597.4933133
JP,J,2017,54002522,54194467,54100651.5516996,27182010,26995981,27714602.2091929,26820512,11307505.4568311,3278404.375,74581545.3706446,76702129.9644758
JP,J,2018,55563539,55574752,55675738.4965117,28385962,28160520,28712284.6987408,27177577,11553168.6839675,3366929.578125,75584807.8643267,76831369.44739
JP,J,2019,56259308,56335704,56449462.7298828,29081054,28883025,29215061.8943564,27178254,11514349.6504411,3332797.453125,76564943.5074914,77039027.8538614
JP,J,2020,56084998,55896071,56084998,28672022,28540505,28672022,27412976,12018024.8449612,3397314.546875,77006293.9023408,77006293.9023408
JP,J,2021,57008400,56850931,56850931,28964495,28602529,28602529,28043905,12223102.7076226,3491680.5546875,NA,NA
JP,K,1995,37781909,37224168,33652185.9953058,11301953,11323181,10853644.1735168,26479956,13656045.9899501,3603434.5,7771970.13999248,5820267.99763829
JP,K,1996,40336713,39133536,34856074.4277373,12133198,12153574,11671484.3560671,28203515,13562564.7327094,3451429.25,8178622.34940835,6282620.80003802
JP,K,1997,40724349,40822867,35276173.6065509,12245821,12121005,11659755.3454012,28478528,13309182.0578522,3305620.5,8546958.79635702,6612060.17737294
JP,K,1998,39630378,39813370,34487066.9874145,12548066,12627037,12022726.9496532,27082312,13051570.4664521,3353679.5,8983996.67220493,7065764.51315598
JP,K,1999,38928008,39103394,34028476.0421226,12392829,12558745,12032958.8611761,26535179,12378411.2483445,3183250,9081624.54930143,7232544.1234067
JP,K,2000,38983404,38826475,33939722.123402,12195633,12271116,11914780.2336916,26787771,12576047.8185789,3134249.375,9152946.5017068,7407189.8955584
JP,K,2001,40984781,38047911,33125263.4253266,11808410,11889742,11615933.5858411,29176371,11429619.8826579,2940155.125,9420485.06392124,7872062.37653085
JP,K,2002,43183763,41035082,33165918.3668659,11840961,11991270,11795812.9781985,31342802,11532732.8539457,2897632.25,9536088.7932136,8257921.05260734
JP,K,2003,43740274,43142860,33134504.1161218,11317754,11433904,11390308.0328257,32422520,11171482.7746283,2783399.5,9699673.94698914,8816482.97637366
JP,K,2004,43384321,43719411,33118699.7990438,11286873,11399854,11472934.3462705,32097448,11201121.2337566,2685510.125,10040226.2230333,9369757.82971295
JP,K,2005,44499292,45097918,34426824.561894,12142704,12202339,12403491.5798145,32356588,11556781.1624444,2675007.75,9945562.2204929,9407988.6236982
JP,K,2006,44500172,45404853,35127410.7572225,13086156,13111665,13393262.8535497,31414016,11914508.4486594,2702288.625,9943641.39399506,9416995.44381328
JP,K,2007,45157095,46416155,36639843.6045574,13763408,13784194,14107682.4597171,31393687,11554988.9405509,2744583.75,9915037.19126653,9451941.17767925
JP,K,2008,39682162,40348337,32738083.7359883,13523221,13463306,13800073.7830343,26158941,11411479.3406428,2827048.75,9935830.24234317,9564609.67768122
JP,K,2009,37238440,38883379,32079081.7204004,12426245,12656302,12915406.8709196,24812195,10919555.1852915,2744757.625,10061573.3841509,10085224.637945
JP,K,2010,36228048,36731769,31642609.6121608,11729039,11882974,12350749.888366,24499009,10889084.9735217,2739609,10041562.6245482,10299636.9846027
JP,K,2011,34763995,35577482,31074386.7268167,11440227,11463075,12070688.1677673,23323768,9988650.80799803,2713726.5,9760768.14878942,10154259.3048893
JP,K,2012,33744865,35136833,31407654.2985803,11281734,11332262,11956773.3085575,22463131,10228735.7351272,2737645.75,9561925.79462308,10121057.0978588
JP,K,2013,34968620,36094280,33594345.936668,11745569,11708421,12408991.0024607,23223051,9786337.95125563,2579616.125,9652404.68130769,10215061.5721827
JP,K,2014,34634115,34701617,33337836.2102868,11851894,11553068,12205617.0171761,22782221,9358305.08391549,2439894.8125,10112038.5202432,10509395.3495474
JP,K,2015,35641883,36098690,34747595.3875512,12639866,12565116,12940125.3227874,23002017,9521589.61392528,2503962.75,10403389.2493547,10727258.9658024
JP,K,2016,34792239,35198070,34314918.0637483,12529788,12607305,12906790.8380203,22262451,9703838.19454865,2573555.375,10483178.0857968,10798216.7375701
JP,K,2017,35128907,35386508,34901034.1812774,12797427,12679956,13061477.171625,22331480,10178307.5421585,2630744,10643495.4000612,10906083.0911377
JP,K,2018,36010182,35551757,35321141.2544509,13271491,13140296,13411420.610752,22738691,9820217.22740333,2594626.625,10781590.6467865,10941456.4046945
JP,K,2019,36013781,35725860,35042259.6446954,13420585,13308928,13449252.332403,22593196,9765165.25675809,2547901.5,10891514.1100398,10981575.5615558
JP,K,2020,35876714,36871370,35876714,13214991,13186823,13214991,22661723,9680326.07227693,2575132.875,10982645.5702207,10982645.5702207
JP,K,2021,36463690,37361671,37361671,13031727,12873545,12873545,23431963,9732620.67689739,2577412.875,NA,NA
JP,M-N,1995,37056647,37200927,35432397.1018874,13777023,13915502,13781042.1369704,23279624,17037977.8763052,6421120.96875,24037814.3434617,21637922.9467164
JP,M-N,1996,39305618,39415855,37688197.3825212,14522926,14512379,14516612.6605642,24782692,17189537.6367787,6508801.25,24612798.2317446,22317102.4717042
JP,M-N,1997,41127544,40500859,38834254.3845427,15192270,15025806,15019274.050889,25935274,17696846.9782435,6676088.0625,26532290.9570039,24040752.5532956
JP,M-N,1998,42439904,42466030,40098105.8271222,15776352,15859668,15679072.3208655,26663552,18083355.9472384,6758204.5625,26899563.4209998,24617688.5607937
JP,M-N,1999,41933960,42309060,39974481.6888855,15538852,15712932,15616043.37941,26395108,17547080.0789548,6753081.53125,26326270.3199077,24409369.5921763
JP,M-N,2000,46185528,46446481,44276142.8743594,16990482,17048836,17133528.4321162,29195046,17526948.3693901,7009669.53125,25947009.587967,24266507.2766931
JP,M-N,2001,46631594,47699264,45727298.5569373,17095000,17150284,17294675.8386765,29536594,17750637.281055,7106681.125,25921953.34809,24620150.206181
JP,M-N,2002,46013493,47297801,46380586.2483192,16486006,16749722,16945364.8656302,29527487,17176084.907842,7174383.5625,26947674.791975,26054500.7360034
JP,M-N,2003,46431789,47561310,47940751.6516524,16296765,16437406,16895410.6964719,30135024,17757541.9020029,7577458.46875,28018809.081042,27525328.9187651
JP,M-N,2004,47070379,47929351,49486982.1431149,16122947,16137628,16730427.954682,30947432,19041569.3915717,8062368.515625,29264606.7503099,29073610.3164029
JP,M-N,2005,49396611,50091713,52663432.0651855,16677730,16626121,17252560.5620564,32718881,19127005.1616499,8325236.890625,30811507.457862,30686423.7997359
JP,M-N,2006,52271627,52294489,55752959.8302826,17400229,17322657,17919716.2316593,34871398,21210104.897575,8712004.953125,34304963.8000161,34014233.9935316
JP,M-N,2007,55260218,55385698,59074430.4891478,17980818,17952874,18488860.5559578,37279400,21686361.5108573,8674383.453125,35725373.7237696,35491425.4658865
JP,M-N,2008,58350258,58284858,62307839.4748795,19130197,18985012,19521427.7526855,39220061,21863027.4095893,8747096.578125,35973994.7934827,35619951.7000607
JP,M-N,2009,54717058,55725687,59505258.0611277,17935843,18524715,18903563.068984,36781215,21274651.5736333,8129538.75,34743959.3057284,35414914.4310906
JP,M-N,2010,53989554,54898663,59702755.0170165,18053057,18203620,19185787.852504,35936497,20847974.4703869,8016511.859375,34408586.1047097,35310357.249368
JP,M-N,2011,56066314,56202213,62149558.6748722,18854467,18783823,19962405.4328851,37211847,22066361.4155137,8218287.15625,34456215.7585152,35527385.7172527
JP,M-N,2012,56427975,56503772,62634481.2549226,19110131,19087614,20209252.7682917,37317844,22671722.3976003,9236325.71875,34688738.4502572,35844455.0602601
JP,M-N,2013,58574668,58048794,64433573.9438437,19772977,19617420,20745718.5637158,38801691,23300861.1756487,9176428.890625,35650033.6091753,36665842.5278404
JP,M-N,2014,60926188,59152613,65069327.6435996,20980455,20377246,21379714.881558,39945733,23793418.0606605,9244621.21875,36567769.0828157,37081818.7879655
JP,M-N,2015,63956753,63007110,67291757.765418,22033721,21943859,22361452.5433843,41923032,24657585.9612707,9445597.84375,37933489.4276496,38269827.6401236
JP,M-N,2016,65499612,65628936,69051136.2219111,22051107,22149238,22478687.7536084,43448505,26281508.0625769,9680852.65625,38874995.7472516,39589687.9605014
JP,M-N,2017,66479790,65565470,69120565.1786705,22699292,22475032,22910832.8475462,43780498,27082300.519469,9878869.4375,40751956.7061304,41251177.7536246
JP,M-N,2018,67807035,66938560,69597558.8888946,23141855,22912102,23125626.0815505,44665180,27311139.7551374,10051592.59375,42559991.8417583,42723973.7460444
JP,M-N,2019,69765656,68823517,70640882.2823227,23721351,23519298,23502804.3883499,46044305,28479706.3681954,10053982.53125,44426906.0920082,44370057.3759632
JP,M-N,2020,67821201,66980910,67821201,21255769,21453421,21255769,46565432,27752257.543429,9480509.53125,44913982.1312854,44913982.1312854
JP,M-N,2021,69323351,68313340,68313340,21649540,21148970,21148970,47673811,28776622.8749277,9938539.875,NA,NA
JP,TOT,1995,929334085,934654353,912544372.967383,412027361,413671609,451173078.102943,517306724,288838419.270388,123349540.977539,1567034549.63345,1675374412.59236
JP,TOT,1996,954557022,957448048,940150418.146995,423722163,423515968,463753189.702146,530834859,291034606.130173,123389017.481445,1622867058.39336,1733815473.63353
JP,TOT,1997,976534522,966851377,952259221.2124,435005207,428173415,468624972.425411,541529315,297165647.846869,121920580.770508,1685441233.25605,1783156600.44881
JP,TOT,1998,952214175,959686287,935829810.087185,416337161,424192119,456976185.274609,535877014,293831383.43438,120018324.409668,1693237894.29177,1820756484.21933
JP,TOT,1999,935659896,951374352,935004437.58252,406211029,415079134,455595361.189505,529448867,290199173.093907,118731716.422852,1694582335.48191,1853590462.09236
JP,TOT,2000,955030514,958026988,957355860.749444,419333770,416483789,467117012.421218,535696744,291203500.714777,119753597.626953,1720775509.05841,1885100657.07402
JP,TOT,2001,945641240,953090779,955411402.804564,417097414,419102114,466858959.131998,528543826,280255065.304665,116656716.773438,1723714727.45141,1911394170.79346
JP,TOT,2002,931981718,942831716,952572851.40419,407859899,412133330,461302638.206729,524121819,271984280.613432,114187334.256836,1713297873.85315,1927890470.79549
JP,TOT,2003,934385543,942613795,963439832.707185,409928035,410134310,463875070.057075,524457508,272770390.206862,114379445.911133,1720029825.0961,1942185435.21244
JP,TOT,2004,952339168,950538601,980095162.633698,421945265,414542377,469096665.15612,530393903,279805736.652653,116131218.433105,1735362761.54921,1955768251.02634
JP,TOT,2005,976110380,971270605,999578357.748282,441159567,428865954,476790725.025432,534950813,280785182.48821,115485378.181641,1763652046.73723,1972174704.48366
JP,TOT,2006,998491008,989376315,1013163236.86953,462261950,446888030,482981859.098812,536229058,289226791.229594,117417124.237793,1798915658.86245,1987343132.78931
JP,TOT,2007,1022811427,1015357677,1030277751.49443,482391395,470709288,491807831.064872,540420032,286748479.421426,116339583.047852,1829853132.57743,1997425169.08692
JP,TOT,2008,1027942790,1009352743,1016720821.71876,499598917,474596561,483860839.383873,528343873,282894798.280071,114332066.643066,1886009112.76975,2000127305.84566
JP,TOT,2009,910016167,946056051,935728033.624053,414561822,452271213,438024025.48311,495454345,272242552.647841,109655214.594727,1829545828.11194,1987637431.22291
JP,TOT,2010,941570458,947886513,974668379.609404,436098302,433360040,457886132.129942,505472156,272689857.45768,110764816.769531,1806628134.39734,1974797115.87052
JP,TOT,2011,941148934,939325174,972344169.775239,446322470,434597158,456309989.740078,494826464,271008900.452451,110167215.659668,1805759202.32438,1965680396.19188
JP,TOT,2012,949044353,956456297,988158909.217618,451409253,455467004,465659154.293047,497635100,270689318.6268,111160511.612305,1796403054.568,1961234287.1791
JP,TOT,2013,968961602,959744108,999299651.161104,463627369,451801662,466063950.698665,505334233,269912680.112754,109640072.035889,1817403691.76519,1962047070.39426
JP,TOT,2014,994143272,970227585,1000605271.90775,479512540,462600015,465031197.466174,514630732,270976976.2934,109693162.934814,1869015819.07275,1965174728.46467
JP,TOT,2015,1007269565,1010241553,1016808192.84574,472393524,486933615,472228155.013387,534876041,277700213.006785,110042302.381348,1891251835.72595,1970537404.33497
JP,TOT,2016,996478952,1014782074,1024391843.70293,454063289,475791659,475625100.441319,542415663,283486329.687164,110793243.993408,1884295847.44829,1975999849.12049
JP,TOT,2017,1026118406,1012340223,1040697413.03839,475552792,458253043,480013810.595498,550565614,294013078.217962,112534581.403076,1917159797.3957,1983305076.39778
JP,TOT,2018,1046833504,1032848915,1047523548.56405,493201495,478007833,482491881.601289,553632009,295247234.598097,112064982.523926,1952690864.56534,1990351644.85701
JP,TOT,2019,1044574649,1041050197,1041736429.36321,489616841,489858149,479221134.617069,554957808,298167725.113302,110792481.702637,1986130387.57395,1997280850.6545
JP,TOT,2020,986912727,989601579,986912727,450530652,460303978,450530652,536382075,288552615.471669,105200104.485596,1997890681.64692,1997890681.64692
JP,TOT,2021,1031616230,1007844963,1007844963,484209481,454249288,454249288,547406749,291742277.484114,106538068.839111,NA,NA
UK,C,1995,338104,0,Inf,207449,0,Inf,130655,78914,7590577,169781,250987.034365157
UK,C,1996,359312,0,Inf,221581,0,Inf,137731,82764,7741497,171867,256357.693601753
UK,C,1997,378867,0,Inf,236347,0,Inf,142520,89684,7623687,174079,260247.799700733
UK,C,1998,377942,0,Inf,234251,0,Inf,143691,90742,7695553,175898,265057.209058767
UK,C,1999,375794,0,Inf,231913,0,Inf,143882,93592,7347561,181686,266175.314148772
UK,C,2000,385247,0,Inf,239105,0,Inf,146143,96105,7067918,184541,266302.771698231
UK,C,2001,380705,391325.875581875,Inf,237708,239506.875581875,Inf,142997,97034,6736148,185262,264252.190859375
UK,C,2002,377902,376267.539997243,Inf,233555,228088.539997243,Inf,144348,94187,6356227,184299,260599.256848133
UK,C,2003,380788,393982.159439744,Inf,235295,245533.159439744,Inf,145493,94341,5955557,185696,256050.410629323
UK,C,2004,391065,396961.92173317,Inf,246237,247748.92173317,Inf,144826,94020,5688865,180320,251034.086131921
UK,C,2005,402285,388366.481515825,Inf,255218,240930.481515825,Inf,147068,95394,5494715,185973,249395.515150459
UK,C,2006,419663,421933.139546212,Inf,271341,264026.139546212,Inf,148321,95979,5334053,186269,246760.389689932
UK,C,2007,427047,431215.218107973,Inf,277649,282890.218107973,Inf,149397,98690,5225194,187532,245886.052805129
UK,C,2008,442546,428393.22872351,Inf,289703,279712.22872351,Inf,152841,101074,5006740,196379,244202.512439741
UK,C,2009,409084,396037.716953932,Inf,268577,257549.716953932,Inf,140507,95347,4688906,195879,236133.268257719
UK,C,2010,437707,440571.946601362,Inf,285775,300150.946601362,Inf,151933,97865,4635422,185405,228350.522890059
UK,C,2011,463111,472921.090224372,Inf,308002,321649.090224372,Inf,155109,99044,4640938,185940,222441.157938593
UK,C,2012,472625,459295.422534813,Inf,312456,299266.422534813,Inf,160170,100623,4678027,184508,218676.382613043
UK,C,2013,482476,473120.254474693,Inf,311579,306759.254474693,Inf,170898,107253,4716126,188101,216007.34271426
UK,C,2014,486825,481797.462950686,Inf,311550,304485.462950686,Inf,175275,108022,4713319,187969,215311.437590498
UK,C,2015,478976,489889.930591054,Inf,300847,313446.930591054,Inf,178130,108091,4719663,194424,218240.385161209
UK,C,2016,492588,480100.958573358,Inf,311153,304539.958573358,Inf,181436,110671,4724095,209083,220687.428940019
UK,C,2017,519379,503331.660776163,Inf,330827,318738.660776163,Inf,188553,114724,4753394,218233,224166.362022988
UK,C,2018,543721,0,Inf,351039,0,Inf,192683,118895,4785846,223604,228895.536486766
UK,C,2019,539148,0,Inf,342634,0,Inf,196515,120950,4762077,234157,233442.65538032
UK,C,2020,495906,0,495906,307264,0,307264,188640,119985,4142106,234964,234964
UK,C,2021,543863,0,0,346217,0,0,197644,122738,4421469,234574,234398
UK,F,1995,94023,NA,NA,55017,NA,NA,39006,18820,3715299,23673,38658.067353125
UK,F,1996,102239,NA,NA,60340,NA,NA,41899,19722,3700360,24051,39182.2611443788
UK,F,1997,107826,NA,NA,66136,NA,NA,41690,21412,3644456,25487,41085.0876803497
UK,F,1998,115907,NA,NA,69236,NA,NA,46671,23726,3775413,27311,44568.6233839333
UK,F,1999,124072,NA,NA,71997,NA,NA,52075,27166,3779017,29224,47274.3015931004
UK,F,2000,135103,NA,NA,78193,NA,NA,56910,28691,3842563,33065,50216.8130425203
UK,F,2001,145404,143138.751001327,NA,84741,86206.7510013267,NA,60663,30986,3891028,36300,54016.6759257015
UK,F,2002,157664,145723.663202149,NA,92234,85379.6632021488,NA,65430,32252,3922149,38503,57654.9892215236
UK,F,2003,168852,168716.049895565,NA,98586,104734.049895565,NA,70266,34157,3969132,42036,61398.5279861343
UK,F,2004,181575,183603.87866953,NA,107524,113944.87866953,NA,74052,35452,4029414,43504,63326.5434238948
UK,F,2005,191427,168366.761145704,NA,109943,94972.7611457036,NA,81484,38519,4165399,46855,65383.3751142672
UK,F,2006,204694,191833.435518382,NA,119193,109461.435518382,NA,85501,42002,4217459,51156,67935.6361981216
UK,F,2007,223808,213002.504350402,NA,132268,128840.504350402,NA,91540,45728,4343635,56311,71347.2917105341
UK,F,2008,231580,239363.363852932,NA,138399,153562.363852932,NA,93182,45204,4262772,58371,72601.6437695177
UK,F,2009,200747,202480.783967654,NA,123517,123966.783967654,NA,77230,40808,4082273,56027,71222.2734839239
UK,F,2010,206201,213681.97228,NA,127939,129665.97228,NA,78263,39796,3863872,55391,70254.8800821486
UK,F,2011,211412,204822.848949301,NA,130067,122119.848949301,NA,81345,40296,3838580,57640,70421.0332350211
UK,F,2012,217187,199272.77928993,NA,134548,118927.77928993,NA,82638,39903,3833139,60809,71937.2112753518
UK,F,2013,230097,222194.495240221,NA,140681,135525.495240221,NA,89417,42067,3913010,63312,72631.6338611308
UK,F,2014,249984,253451.92073314,NA,154021,160866.92073314,NA,95962,42290,4127939,65178,73266.0363997523
UK,F,2015,270962,269108.538808531,NA,166031,169009.538808531,NA,104932,45740,4139961,67443,75119.6632987549
UK,F,2016,283618,278079.399406947,NA,175550,174851.399406947,NA,108068,47472,4371095,70156,76821.5870791398
UK,F,2017,301872,296080.923586254,NA,186885,183504.923586254,NA,114987,50592,4533329,73388,78482.7186658758
UK,F,2018,326728,NA,NA,206556,NA,NA,120172,53233,4504511,77883,81254.6596750592
UK,F,2019,337354,NA,NA,212958,NA,NA,124395,54843,4544136,87060,87172.2081731517
UK,F,2020,297376,NA,297376,189809,NA,189809,107568,50302,3620847,90118,90118
UK,F,2021,329625,NA,NA,209705,NA,NA,119920,53142,4093526,95378,92101
UK,G,1995,149488,0,Inf,61307,0,Inf,88181,45984,7028918,71979,108073.872103842
UK,G,1996,161036,0,Inf,65763,0,Inf,95273,48195,6971118,74273,112027.226627376
UK,G,1997,172029,0,Inf,68987,0,Inf,103042,51745,7149865,78850,118072.561060111
UK,G,1998,187190,0,Inf,77808,0,Inf,109383,56698,7370332,85627,126477.650283071
UK,G,1999,197017,0,Inf,84092,0,Inf,112924,61931,7502777,92105,133849.740307979
UK,G,2000,201677,0,Inf,85980,0,Inf,115696,65646,7460697,98808,140040.499699022
UK,G,2001,215823,204072.849745319,Inf,91031,88984.8497453188,Inf,124791,70129,7577160,104329,144758.68874746
UK,G,2002,221158,232929.33624268,Inf,94366,108263.33624268,Inf,126792,72309,7531178,109205,148389.831463791
UK,G,2003,231597,223608.244329052,Inf,99789,97227.2443290522,Inf,131809,77341,7549014,114253,151402.33323894
UK,G,2004,240171,234448.028787901,Inf,104336,99492.0287879014,Inf,135835,83079,7569849,116510,154122.865655066
UK,G,2005,242923,233689.891070948,Inf,103278,91949.8910709483,Inf,139645,86536,7527220,124341,157816.205633685
UK,G,2006,254791,253392.656810042,Inf,108267,106321.656810042,Inf,146525,92540,7394216,130368,162160.749041604
UK,G,2007,264336,263238.08436966,Inf,112199,116404.08436966,Inf,152137,98056,7416009,138241,167353.903245463
UK,G,2008,266054,250833.445669381,Inf,111440,100828.445669381,Inf,154614,98671,7482748,145063,170352.547774503
UK,G,2009,260874,250037.057692039,Inf,108699,112155.057692039,Inf,152176,98153,7201543,142992,169799.436023045
UK,G,2010,269103,261301.66154,Inf,111237,94179.66154,Inf,157865,101366,7129087,138127,169708.000442217
UK,G,2011,269609,275233.852142354,Inf,113881,115449.852142354,Inf,155728,101634,7183184,141564,171144.277582218
UK,G,2012,276578,280096.174068541,Inf,116843,123592.174068541,Inf,159735,103416,7315940,145141,172538.200839913
UK,G,2013,290020,293483.596986395,Inf,127952,136309.596986395,Inf,162067,105801,7449690,149926,173860.104914806
UK,G,2014,301534,296555.627111628,Inf,130138,122544.627111628,Inf,171396,108136,7555970,155584,177412.080565153
UK,G,2015,312286,314835.823927861,Inf,137180,142187.823927861,Inf,175107,112125,7564826,160209,180323.2606459
UK,G,2016,311580,314530.498459298,Inf,136843,138798.498459298,Inf,174738,117071,7566411,170019,183837.228149202
UK,G,2017,330887,322646.088581252,Inf,143743,141878.088581252,Inf,187145,122697,7661128,176816,186370.654563623
UK,G,2018,347608,0,Inf,153431,0,Inf,194177,128607,7650207,181940,188190.976935079
UK,G,2019,365268,0,Inf,160853,0,Inf,204415,131429,7588150,190225,190108.675468869
UK,G,2020,348716,0,348716,151715,0,151715,197001,132755,6676745,187944,187944
UK,G,2021,387053,0,0,169364,0,0,217688,137720,7067848,188674,185914
UK,H,1995,75838,0,Inf,44139,0,Inf,31699,23663,2402034,95909,161594.222181952
UK,H,1996,80492,0,Inf,45866,0,Inf,34626,24812,2411151,98615,165386.865146966
UK,H,1997,85108,0,Inf,48139,0,Inf,36968,26740,2404985,102087,168305.012947562
UK,H,1998,88642,0,Inf,48775,0,Inf,39867,28552,2504767,106469,174406.640509533
UK,H,1999,93459,0,Inf,51184,0,Inf,42276,29719,2573155,112528,179640.363155824
UK,H,2000,97665,0,Inf,52893,0,Inf,44772,30587,2572627,122395,184287.500731775
UK,H,2001,103401,100817.848133002,Inf,56558,56964.8481330017,Inf,46843,33250,2627341,130182,191353.649193184
UK,H,2002,103979,100508.628475604,Inf,57166,56141.6284756035,Inf,46813,33155,2655763,137684,201751.674376332
UK,H,2003,111781,108807.310607292,Inf,62271,60119.3106072919,Inf,49511,35041,2645778,151826,216095.731350781
UK,H,2004,117490,119593.739477861,Inf,65662,68481.7394778611,Inf,51828,37148,2574571,162129,228038.740333197
UK,H,2005,124009,124745.955142443,Inf,71096,72136.9551424429,Inf,52914,37721,2618584,177915,237825.351952577
UK,H,2006,127609,127854.607472159,Inf,73487,72588.6074721591,Inf,54121,38920,2649237,189690,242958.417469806
UK,H,2007,132492,130371.241635131,Inf,76444,75512.2416351313,Inf,56048,41427,2570545,202515,248407.018386653
UK,H,2008,138372,128628.989159028,Inf,79291,71265.9891590277,Inf,59081,44159,2580891,211299,254958.344881989
UK,H,2009,129642,125353.766226536,Inf,74393,72910.7662265361,Inf,55248,43633,2605749,210084,258201.748925751
UK,H,2010,133876,126356.07225,Inf,75243,67802.07225,Inf,58632,43494,2520999,213036,266711.625496846
UK,H,2011,140971,138133.773672037,Inf,79894,77816.7736720368,Inf,61076,43467,2498664,218820,266935.725559577
UK,H,2012,146229,145387.711849471,Inf,84493,83970.7118494708,Inf,61736,44468,2582097,224360,265740.236065708
UK,H,2013,152502,143674.161177612,Inf,87690,80482.1611776122,Inf,64813,46933,2585084,230501,265549.541744053
UK,H,2014,155532,149806.898529933,Inf,88830,83998.8985299328,Inf,66702,48072,2593487,239078,269258.002769706
UK,H,2015,159270,158328.230186136,Inf,90175,95825.2301861356,Inf,69095,48444,2688784,251158,280122.791469291
UK,H,2016,164316,162694.041648962,Inf,92868,92461.0416489624,Inf,71448,50125,2882155,262371,285448.468251499
UK,H,2017,168753,165229.814144438,Inf,95420,92838.8141444381,Inf,73333,52221,2830270,272639,290287.702720181
UK,H,2018,177216,0,Inf,101916,0,Inf,75299,53382,2902323,279307,289880.974766957
UK,H,2019,183040,0,Inf,102068,0,Inf,80972,56831,3067632,289794,289801.059709128
UK,H,2020,148862,0,148862,87771,0,87771,61091,55158,2648741,287350,287350
UK,H,2021,158408,0,0,91937,0,0,66472,56653,2822809,289649,285876
UK,J,1995,74779,0,Inf,36943,0,Inf,37836,22045,1532938,75298,64357.7075628909
UK,J,1996,78628,0,Inf,38359,0,Inf,40269,23109,1610515,85649,75192.82481401
UK,J,1997,85265,0,Inf,40364,0,Inf,44901,25023,1717251,83748,78261.1492862743
UK,J,1998,96124,0,Inf,45502,0,Inf,50622,27624,1796364,79667,80744.0727429972
UK,J,1999,103003,0,Inf,49094,0,Inf,53909,31181,1826078,83625,84666.393923855
UK,J,2000,113760,0,Inf,53684,0,Inf,60077,36519,1874798,96040,94556.0362060459
UK,J,2001,118897,124504.209548498,Inf,56497,57452.2095484979,Inf,62400,39497,1948003,101966,102534.817103732
UK,J,2002,125021,119881.963703672,Inf,59469,49789.9637036718,Inf,65552,40981,1944400,100752,107546.620336624
UK,J,2003,133547,132870.726264657,Inf,62183,55791.7262646573,Inf,71363,43112,1951702,98640,108998.337460431
UK,J,2004,138786,136310.076410081,Inf,64051,57529.0764100808,Inf,74734,45016,1884931,97476,111527.708855878
UK,J,2005,142390,147644.695428666,Inf,63917,65208.6954286664,Inf,78473,47160,1979494,96450,115669.552038387
UK,J,2006,144461,144679.569963961,Inf,65849,61506.5699639609,Inf,78613,46903,2019752,98571,119588.765061316
UK,J,2007,152208,154132.999361163,Inf,65568,65655.9993611631,Inf,86640,52426,2050379,99629,122948.184063403
UK,J,2008,156357,152943.296578364,Inf,66635,62009.2965783641,Inf,89721,53940,2005418,104649,124670.932108175
UK,J,2009,153549,151310.853094909,Inf,65533,57225.8530949087,Inf,88016,51715,2038888,105503,122969.720524209
UK,J,2010,158354,166920.535970853,Inf,69067,73447.535970853,Inf,89287,51924,2031094,104592,122447.551156562
UK,J,2011,163640,158983.277919338,Inf,69162,59370.2779193377,Inf,94478,55752,2161120,104493,122118.579898005
UK,J,2012,166945,169435.469866308,Inf,70519,69823.469866308,Inf,96426,56803,2143141,104851,122094.037678164
UK,J,2013,172700,169199.595279461,Inf,74667,67206.5952794611,Inf,98032,58353,2239130,105904,123769.685218186
UK,J,2014,179490,173154.532775865,Inf,76618,63080.5327758648,Inf,102872,60437,2371120,114007,125658.299541654
UK,J,2015,187957,190194.097646939,Inf,82275,77139.097646939,Inf,105682,64170,2360567,116743,127870.411141645
UK,J,2016,197639,194141.54375102,Inf,82911,76739.5437510202,Inf,114727,68560,2449593,125557,132477.307908575
UK,J,2017,212811,210871.382441965,Inf,96219,91376.3824419655,Inf,116591,71474,2572411,131307,136579.602270088
UK,J,2018,222022,0,Inf,102315,0,Inf,119707,75470,2555254,135781,139949.703722068
UK,J,2019,230822,0,Inf,105737,0,Inf,125085,79433,2586185,143682,142958.321902555
UK,J,2020,232078,0,232078,106513,0,106513,125564,81505,2526840,143417,143417
UK,J,2021,250673,0,0,119429,0,0,131244,87369,2621148,144442,143984
UK,K,1995,106384,NA,NA,48228,NA,NA,58156,23103,1829468,39546,62274.5877696116
UK,K,1996,114453,NA,NA,54607,NA,NA,59846,24278,1813190,39343,62504.4995132611
UK,K,1997,123618,NA,NA,62224,NA,NA,61395,26330,1805541,43645,68244.497905387
UK,K,1998,134236,NA,NA,71395,NA,NA,62842,27368,1850171,49859,75548.1993538018
UK,K,1999,138584,NA,NA,74813,NA,NA,63771,31476,1906417,55525,82139.4801093131
UK,K,2000,138932,NA,NA,73613,NA,NA,65319,37453,1899387,61927,88944.3717527682
UK,K,2001,148784,147985.764876072,NA,82105,83403.7648760718,NA,66679,38317,1932027,67942,94564.5265587265
UK,K,2002,162301,164055.405032001,NA,92024,93818.4050320015,NA,70277,37684,1928701,72482,97724.0078116821
UK,K,2003,173894,156324.432256701,NA,97050,83638.4322567013,NA,76844,39589,1911132,75705,98799.9129775677
UK,K,2004,200406,171827.872831185,NA,112153,92845.8728311849,NA,88253,46145,1850032,75982,98601.5431635186
UK,K,2005,203910,180826.499464172,NA,102143,79819.4994641723,NA,101768,51438,1904931,81326,100179.541590604
UK,K,2006,263575,280337.718626509,NA,149302,180987.718626509,NA,114274,59415,1895679,83040,99607.9739824836
UK,K,2007,248584,215044.243376646,NA,123825,72170.2433766456,NA,124759,66814,1960277,86724,100522.006691716
UK,K,2008,240529,272095.981620069,NA,120270,145297.981620069,NA,120259,66802,1977795,88420,100583.439125121
UK,K,2009,264710,229833.706990156,NA,127865,117095.706990156,NA,136845,65287,1926697,83734,97347.068571955
UK,K,2010,259645,263950.320413248,NA,120563,129515.320413248,NA,139081,66706,1878954,77884,94676.6334260193
UK,K,2011,272133,268346.696120499,NA,134429,136339.696120499,NA,137704,69882,1963524,78226,94240.229140159
UK,K,2012,266855,266217.006240397,NA,129868,126558.006240397,NA,136987,69107,1996866,80367,95096.7832643461
UK,K,2013,281943,260217.089352087,NA,140483,129665.089352087,NA,141460,71500,1950054,81762,94606.9047287352
UK,K,2014,289154,270747.484458545,NA,143075,130730.484458545,NA,146079,72907,1950132,82962,94491.1946131207
UK,K,2015,284130,250822.377837225,NA,144087,111401.377837225,NA,140043,75098,1864688,84503,95553.8532348275
UK,K,2016,310650,262101.878211748,NA,157661,111947.878211748,NA,152988,75278,1935961,89179,97583.593795003
UK,K,2017,322016,264169.021645073,NA,157107,101484.021645073,NA,164909,76625,1880621,95220,101705.611285957
UK,K,2018,320417,NA,NA,157388,NA,NA,163029,78334,1922330,100229,104689.915822115
UK,K,2019,324689,NA,NA,161177,NA,NA,163511,80498,1931161,106399,107106.905567721
UK,K,2020,319068,NA,319068,152551,NA,152551,166517,83112,1928206,108029,108029
UK,K,2021,339855,NA,NA,154421,NA,NA,185434,87738,2023195,110483,107820
UK,M-N,1995,121991,0,Inf,58927,0,Inf,63064,40743,5019160,51352,67098.3421539567
UK,M-N,1996,131426,0,Inf,61066,0,Inf,70360,42729,5193770,54088,72140.6482447053
UK,M-N,1997,141638,0,Inf,63900,0,Inf,77738,46351,5344974,56516,76731.4652698916
UK,M-N,1998,154896,0,Inf,71218,0,Inf,83678,50101,5642103,60612,83327.145400848
UK,M-N,1999,166333,0,Inf,77649,0,Inf,88684,56049,5885753,67269,90647.7592934685
UK,M-N,2000,177285,0,Inf,82068,0,Inf,95217,61448,6148145,72738,96636.2330674235
UK,M-N,2001,187976,188298.14949334,Inf,84816,88977.1494933402,Inf,103161,67243,6346834,78373,103182.009969774
UK,M-N,2002,199367,183106.206652667,Inf,89041,78214.2066526673,Inf,110327,70111,6282534,82987,107850.497935691
UK,M-N,2003,209303,207429.298391208,Inf,91353,91597.2983912077,Inf,117950,73052,6400207,86444,111514.090470434
UK,M-N,2004,220840,220608.592751882,Inf,95632,96598.5927518818,Inf,125209,79219,6540188,88186,114245.053053447
UK,M-N,2005,234607,246883.073662554,Inf,102994,118253.073662554,Inf,131614,82674,6925707,93060,118557.775952942
UK,M-N,2006,254811,246361.586203726,Inf,114394,107400.586203726,Inf,140416,89784,7124197,98395,123623.17158145
UK,M-N,2007,272396,282503.904913815,Inf,122208,137387.904913815,Inf,150188,98067,7412157,104645,128897.525708173
UK,M-N,2008,280804,270764.935223832,Inf,125072,120580.935223832,Inf,155733,99380,7424989,109972,129993.792112495
UK,M-N,2009,277803,258738.36848262,Inf,123639,111165.36848262,Inf,154163,95897,7045271,106410,127090.646280571
UK,M-N,2010,289257,299507.149265047,Inf,128081,140138.149265047,Inf,161177,99465,7077625,105041,126878.052210109
UK,M-N,2011,300421,308252.943407367,Inf,134946,144605.943407367,Inf,165477,102409,7315742,110103,130086.210040575
UK,M-N,2012,312368,312525.074906284,Inf,140135,142576.074906284,Inf,172235,106883,7718660,111301,130448.929189758
UK,M-N,2013,335869,334452.727645578,Inf,148208,150094.727645578,Inf,187660,118290,7910475,114453,131622.138577984
UK,M-N,2014,353689,360100.095244727,Inf,153429,162781.095244727,Inf,200261,124926,8347144,119343,134318.912930473
UK,M-N,2015,376979,372410.140834273,Inf,162930,162536.140834273,Inf,214048,131530,8646971,126428,140354.896021614
UK,M-N,2016,392130,386874.722034258,Inf,168976,171394.722034258,Inf,223155,138127,9043461,137183,148073.815818165
UK,M-N,2017,422988,412320.316055591,Inf,188644,182823.316055591,Inf,234344,144923,8923533,146215,153965.120766559
UK,M-N,2018,445546,0,Inf,202601,0,Inf,242944,151843,9142159,153195,158212.942790101
UK,M-N,2019,464895,0,Inf,211537,0,Inf,253359,159161,9327100,158114,159492.526563181
UK,M-N,2020,424074,0,424074,187949,0,187949,236125,159781,8306837,159663,159663
UK,M-N,2021,471986,0,0,207109,0,0,264878,176238,9122451,162705,160213
UK,TOT,1995,1448303,0,Inf,675789,0,Inf,772514,383625,44547981,1536874,2973296.60079385
UK,TOT,1996,1548602,0,Inf,721925,0,Inf,826677,402246,45025050,1583454,3049954.74226144
UK,TOT,1997,1633873,0,Inf,771978,0,Inf,861895,435864,45224433,1655300,3128007.73023625
UK,TOT,1998,1716099,0,Inf,816308,0,Inf,899791,457754,46097510,1743847,3219465.06010272
UK,TOT,1999,1787827,0,Inf,851643,0,Inf,936185,494840,46515689,1855071,3305480.6891202
UK,TOT,2000,1877555,0,Inf,890040,0,Inf,987515,531545,46697399,1979042,3401882.99191227
UK,TOT,2001,1959887,1767285.03844205,Inf,928769,754575.038442054,Inf,1031117,565818,47074507,2098788,3487120.7847029
UK,TOT,2002,2043600,1816965.49867633,Inf,971442,769681.498676331,Inf,1072157,579634,46982890,2209813,3569593.95565255
UK,TOT,2003,2146526,1913055.54701153,Inf,1013635,807487.547011525,Inf,1132892,610848,47113495,2370637,3648023.44055865
UK,TOT,2004,2270940,2021881.19735383,Inf,1081528,863455.197353831,Inf,1189413,652853,47212425,2503578,3732237.82294111
UK,TOT,2005,2377245,2109644.34628761,Inf,1117340,884312.346287612,Inf,1259906,690874,48249278,2726532,3816455.41525555
UK,TOT,2006,2565667,2304111.93632768,Inf,1239740,1012307.93632768,Inf,1325927,731202,48565806,2911690,3901163.91395097
UK,TOT,2007,2658279,2371307.54251075,Inf,1268121,1010299.54251075,Inf,1390158,780149,49025090,3117450,3991422.76988248
UK,TOT,2008,2756923,2494918.75648688,Inf,1314900,1105478.75648688,Inf,1442023,795756,48798583,3320170,4054431.28560894
UK,TOT,2009,2717206,2354819.90507637,Inf,1307028,979136.905076373,Inf,1410178,787058,47854657,3316900,4066027.34228319
UK,TOT,2010,2807694,2610577.09208463,Inf,1358691,1166422.09208463,Inf,1449003,806726,47643888,3296897,4088296.16338118
UK,TOT,2011,2904535,2653388.15730989,Inf,1420213,1186959.15730989,Inf,1484323,824206,48274745,3397540,4105431.08642719
UK,TOT,2012,2982439,2646709.80102588,Inf,1450829,1136737.80102588,Inf,1531610,839768,49233126,3502562,4121322.15002544
UK,TOT,2013,3107668,2756547.25945489,Inf,1517836,1198610.25945489,Inf,1589831,872922,50113902,3625783,4147393.39012857
UK,TOT,2014,3211288,2887564.82190032,Inf,1550534,1246230.82190032,Inf,1660753,894857,51506659,3733851,4192103.50252083
UK,TOT,2015,3281448,2761154.09470077,Inf,1572418,1067820.09470077,Inf,1709030,924521,51854298,3824026,4252826.31067087
UK,TOT,2016,3394576,2782662.7104406,Inf,1619946,1038364.7104406,Inf,1774630,961615,53094754,4001045,4323255.48259653
UK,TOT,2017,3561543,2886818.01817941,Inf,1704779,1063427.01817941,Inf,1856764,999375,53567557,4190116,4401308.76193751
UK,TOT,2018,3718856,0,Inf,1798567,0,Inf,1920289,1041955,54028650,4355466,4472821.22169315
UK,TOT,2019,3828365,0,Inf,1832656,0,Inf,1995708,1087539,54749025,4558239,4545746.59422387
UK,TOT,2020,3609108,0,3609108,1711151,0,1711151,1897957,1094944,48490482,4572890,4572890
UK,TOT,2021,3950159,0,0,1903524,0,0,2046636,1156152,52369939,4779713,4632905
US,C,1995,3541000,NA,4636324.5105635,2281700,NA,3473336.74882108,1220700,739300,35021589.49588,1767938,2739506.7466471
US,C,1996,3667900,NA,4803535.34227975,2366300,NA,3584513.78821304,1261700,758200,34988233.4016801,1863474,2835586.96112332
US,C,1997,3897800,NA,5068625.46270369,2514900,NA,3796247.67583758,1341600,789200,35713613.9396401,1963054,2928031.65707131
US,C,1998,3963500,NA,5313002.36603413,2532700,NA,3976729.89176194,1388200,834600,35752947.6132401,2071528,3016914.60908814
US,C,1999,4082200,NA,5501056.46559787,2592800,NA,4068012.88111332,1445800,870500,35225367.1666001,2168834,3090702.99801224
US,C,2000,4290700,NA,5648434.03848342,2740800,NA,4083511.84462187,1503000,918000,34868906.0636801,2272244,3172499.11049015
US,C,2001,4049600,NA,5403497.15383615,2576000,NA,3877954.47232515,1424600,881900,32568732.8896801,2339024,3239864.11979183
US,C,2002,3971800,NA,5362778.44583869,2503700,NA,3811354.71263295,1416700,846400,30296051.9269201,2369436,3255273.50321659
US,C,2003,4051100,NA,5362983.83793135,2526900,NA,3679267.68499706,1470500,847200,28812619.1548,2406980,3254662.94178759
US,C,2004,4359900,NA,5519023.6655977,2751900,NA,3697640.32471033,1552000,873600,28623906.85492,2515035,3260345.11416967
US,C,2005,4805100,NA,5746812.21165347,3112700,NA,3874562.11889257,1633100,895500,28335074.3494001,2648926,3285751.26297538
US,C,2006,5092300,NA,5842940.97109632,3298700,NA,3857038.3387389,1732500,924200,28509398.0594801,2777013,3328733.11344382
US,C,2007,5405500,NA,6013358.88912934,3559800,NA,3942914.26512559,1782100,943700,28065017.56812,2945678,3408852.69946856
US,C,2008,5493000,NA,5680042.42451664,3693500,NA,3658657.23062604,1734800,932000,26891070.70052,3133166,3482518.40740975
US,C,2009,4513400,NA,4999799.60596356,2817700,NA,3162659.16416302,1621000,835200,23380077.2841999,3088648,3487065.17263038
US,C,2010,5019000,NA,5264633.22717035,3230600,NA,3320158.17627247,1712900,847300,23407627.4078399,3137245,3496123.64689903
US,C,2011,5595400,NA,5419351.78652191,3732400,NA,3457869.83502932,1784600,882100,23882653.6972399,3263585,3532914.92029061
US,C,2012,5776400,NA,5528605.94645973,3855000,NA,3562010.4114658,1842500,917100,24438179.9105599,3354668,3585330.48897568
US,C,2013,5927800,NA,5669644.16696202,3957400,NA,3639232.78780825,1887100,931900,24627944.79392,3499151,3660350.44749122
US,C,2014,5998800,NA,5699787.40889255,3989200,NA,3650987.45058118,1926200,973100,25017784.63912,3613320,3735779.1220663
US,C,2015,5660100,NA,5712056.47252773,3588900,NA,3648353.78760455,1986300,1006500,25241060.5537999,3686128,3813612.92076754
US,C,2016,5483500,NA,5692275.57989448,3448500,NA,3644561.91780938,1951000,1013200,25260866.6637599,3789196,3889270.95061081
US,C,2017,5676800,NA,5676800,3566900,NA,3566900,2021300,1053600,25519053.3925599,3955945,3955945
US,C,2018,6043400,NA,5786465.85909929,3781400,NA,3574782.12288819,2171700,1101200,26025948.6343999,4158211,4034078.43504956
US,C,2019,5934600,NA,5724488.44817591,3666800,NA,3503614.12205704,2175900,1129200,25974754.5808399,4327260,4109843.40579234
US,C,2020,5411000,NA,5335322.38099308,3262800,NA,3211203.66084386,2111200,1115000,24597828.5756945,4532005,4161316.29702463
US,C,2021,6299500,NA,5499646.06251178,3932600,NA,3256499.88208484,2301200,1178000,25091328.6040873,4943924,4212261.66006676
US,F,1995,613700,NA,1128249.43927639,320800,NA,488473.368456314,289400,192100,13454221.31248,103068,163215.393802426
US,F,1996,666800,NA,1201030.27792287,350500,NA,528713.438824612,312500,206400,14060286.35336,115632,176145.875351673
US,F,1997,709100,NA,1396500,369500,NA,595800,335400,228600,14645696.80912,128547,189653.856902142
US,F,1998,779600,NA,1487800,399800,NA,645800,375000,253000,15334764.0388799,144279,206262.741732861
US,F,1999,841600,NA,1547400,423900,NA,670400,412500,278200,16269001.3647199,161719,224555.95515399
US,F,2000,913800,NA,1611200,452600,NA,699000,455600,307700,16892311.55092,173872,236973.504983575
US,F,2001,956800,NA,1621800,470400,NA,721100,480700,325400,16564836.3712,179772,242908.980516782
US,F,2002,969900,NA,1601700,476300,NA,728600,487400,327100,16095257.9611199,187766,250271.935903128
US,F,2003,1039400,NA,1656000,514200,NA,763200,518900,335800,16259853.98856,191706,253372.165825776
US,F,2004,1158000,NA,1723400,573400,NA,796800,577400,358000,16980278.4340799,209955,265152.379888922
US,F,2005,1287100,NA,1767900,635500,NA,835500,643600,387500,17773434.1948799,227924,276019.601494699
US,F,2006,1353600,NA,1727600,656600,NA,816200,688900,421300,18752902.79408,247192,289029.665106406
US,F,2007,1338900,NA,1635000,623200,NA,749400,707400,440000,18518241.0919999,264434,302435.98706717
US,F,2008,1275800,NA,1513000,626500,NA,712600,641500,433900,17137968.60828,283715,314441.659145526
US,F,2009,1098700,NA,1312500,533300,NA,626200,558100,368400,14240400.7408,266569,298307.343456959
US,F,2010,1016600,NA,1214800,490900,NA,559900,518500,343800,13500202.02804,263671,291868.413536135
US,F,2011,1020500,NA,1184500,494800,NA,538200,518400,347300,13601760.5983999,271203,290092.538106632
US,F,2012,1075500,NA,1217800,520500,NA,550700,547400,365900,13760842.9212799,277862,291145.840932974
US,F,2013,1158800,NA,1277900,564100,NA,582800,586800,387800,14332036.2660799,285853,296196.94472362
US,F,2014,1264700,NA,1349500,614700,NA,629400,641500,422400,15117106.0747199,294712,301262.948508154
US,F,2015,1395500,NA,1466800,680100,NA,702600,706400,458500,15755972.4296,303315,309449.287491051
US,F,2016,1508600,NA,1559900,731800,NA,755500,767300,485900,16344818.5159999,312223,315955.665526875
US,F,2017,1578000,NA,1578000,737700,NA,737700,830100,520400,16767410.1087999,320257,320257
US,F,2018,1662000,NA,1601300,772900,NA,737700,878400,558300,17608865.3712399,334479,324739.960577739
US,F,2019,1734000,NA,1614900,781200,NA,733000,941300,598500,18027341.2155199,354325,338363.190527923
US,F,2020,1806700,NA,1643600,854800,NA,788000,1004900,597800,17233124.1393363,365286,343711.643626375
US,F,2021,1984600,NA,1669300,970300,NA,782900,1036000,639700,18003574.1209708,405135,344594.985492071
US,G,1995,1477000,NA,1793047.80414883,492500,NA,664249.348187943,771000,238200,35368504.6067599,733540,1279105.42837503
US,G,1996,1536200,NA,1899929.40093277,491100,NA,650254.958113893,823700,252300,35730692.8784002,777449,1324019.78939993
US,G,1997,1604400,NA,2138811.72619193,496900,NA,706162.621541243,878200,605100,36381006.2683602,821143,1368983.0360195
US,G,1998,1664000,NA,2245120.42804164,474200,NA,672072.707859868,949400,651700,36729115.2654402,879902,1420559.02230632
US,G,1999,1780000,NA,2381890.79197454,543700,NA,761549.171570272,984100,683000,37314155.3522401,934714,1470083.05230906
US,G,2000,1880600,NA,2468228.45967271,573300,NA,783261.873588419,1044400,733600,37710676.9353603,1002341,1530577.51230929
US,G,2001,1852700,NA,2452366.77502613,530400,NA,715866.963129046,1054800,746900,36980536.7687602,1052303,1572145.95725876
US,G,2002,1937200,NA,2578585.93591386,592200,NA,794248.376849868,1073100,757600,36421949.3175201,1095421,1605508.64053804
US,G,2003,2037300,NA,2699603.36827127,626900,NA,822596.70088159,1124400,782000,36229377.7066,1145713,1653331.77582197
US,G,2004,2209800,NA,2845878.21548963,718200,NA,914173.620671463,1185400,816600,36216513.37408,1264963,1702859.9660558
US,G,2005,2347500,NA,2937448.64956875,754100,NA,931274.957280442,1263400,857200,36726370.0382801,1388016,1758247.32391009
US,G,2006,2498800,NA,3022500.82539432,819500,NA,977779.624285463,1329000,896700,36859425.2447202,1511614,1813762.58389832
US,G,2007,2604900,NA,3067864.57856066,879500,NA,1022913.93867642,1372200,935700,37058214.7546002,1585455,1846737.16487292
US,G,2008,2604400,NA,2992199.82462509,870300,NA,978496.891277384,1384100,936600,36352609.6024001,1688567,1868156.09656618
US,G,2009,2362800,NA,2641201.37697505,698400,NA,793369.568748799,1340500,879400,34052305.8226,1612838,1851251.77110016
US,G,2010,2658900,NA,2948831.13504571,907700,NA,1012296.8643258,1402900,891200,34006205.8767601,1620673,1848519.85039938
US,G,2011,2866800,NA,3107706.79697618,1048300,NA,1145265.62857574,1446600,931800,34854935.74992,1690205,1862434.7083904
US,G,2012,3058700,NA,3227153.06518769,1137600,NA,1226787.72089262,1534400,967800,35256479.6022398,1735824,1875893.77975142
US,G,2013,3245100,NA,3362365.12571123,1222700,NA,1293512.96253643,1615900,994200,35256900.0976397,1778396,1884150.35953792
US,G,2014,3432900,NA,3511478.14173322,1322500,NA,1373706.07496489,1689000,1035400,35948118.8003599,1839192,1917043.14673388
US,G,2015,3586900,NA,3637051.29349611,1357100,NA,1397288.97764138,1803600,1083400,36412828.3048398,1890251,1951571.43240396
US,G,2016,3686400,NA,3732794.96085023,1410300,NA,1441571.94381775,1841100,1098600,36416012.0979198,1952786,1996196.23479915
US,G,2017,3900700,NA,3900700,1545800,NA,1545800,1899200,1139900,36774300.4043998,2041326,2041326
US,G,2018,4109400,NA,4030340.78395149,1663800,NA,1624105.31632271,1956200,1173700,36787338.5287199,2143638,2080570.68485448
US,G,2019,4217800,NA,4020433.5988272,1644700,NA,1576301.10509725,2036700,1210500,36400715.1845999,2250380,2121340.38265559
US,G,2020,4195200,NA,3916838.60294342,1559700,NA,1480313.94273621,2187700,1231500,34745809.8093824,2299981,2160222.53617642
US,G,2021,5018900,NA,4300069.0121441,2068300,NA,1870907.33481781,2375400,1353700,35833473.4074579,2747505,2212186.82305028
US,H,1995,449000,NA,754544.028394762,219700,NA,382931.523013343,217000,149300,7988447.92251999,667085,1056735.66459629
US,H,1996,471600,NA,786263.198302477,234000,NA,397140.417506479,227800,156300,8374175.89476,693928,1061937.00218448
US,H,1997,499000,NA,845862.246240593,241800,NA,397275.871281775,242500,166900,8557001.83676,719035,1078072.16790661
US,H,1998,526800,NA,887359.774802915,246800,NA,414388.954079122,262400,180600,8716380.15612,751293,1105249.8437004
US,H,1999,558200,NA,912397.727185416,268200,NA,434443.821844066,271300,191600,8745280.95532,780708,1131290.43890295
US,H,2000,600100,NA,914511.234643018,292400,NA,439181.16845258,287200,204400,8830386.12247999,820413,1155191.39725105
US,H,2001,591600,NA,867896.003953904,283600,NA,422460.373208503,294500,208100,8650811.7072,852611,1177389.3593714
US,H,2002,595300,NA,858942.891980378,289600,NA,432526.494776357,286200,206400,8424410.38244,859069,1180800.51060902
US,H,2003,628100,NA,880225.075539102,306600,NA,438277.174408789,303700,209700,8276389.50476,867764,1176582.63704355
US,H,2004,691900,NA,940620.623105184,340000,NA,461916.680756662,330000,222000,8560978.63451999,917275,1179112.21332592
US,H,2005,752100,NA,973238.899447774,376600,NA,472330.162487437,352400,231600,8763304.32639999,957022,1186812.04831869
US,H,2006,820200,NA,1017111.39078803,410000,NA,488324.176790645,387100,241100,8914196.53487999,1005340,1203306.49934653
US,H,2007,865500,NA,1043309.61293939,451400,NA,515141.558163319,388400,255900,9027817.26807999,1036686,1215345.9846218
US,H,2008,904600,NA,1018976.46630802,477600,NA,497064.909293677,401000,255800,8812441.50019999,1098413,1231977.48398519
US,H,2009,781000,NA,914667.668326405,376800,NA,428682.244062802,377700,241100,8171888.49931999,1072287,1225200.99228325
US,H,2010,858800,NA,966823.704513879,425300,NA,455137.822463296,408300,245500,8257783.00151999,1094879,1225645.29962252
US,H,2011,958100,NA,1024520.35505066,505600,NA,500981.722928893,425200,259900,8609712.64504,1136077,1231376.14224678
US,H,2012,1005800,NA,1045957.41570487,532700,NA,515973.270229543,445200,274900,8843558.971,1170358,1247753.16837276
US,H,2013,1047400,NA,1072810.65054544,550000,NA,526672.88249623,465900,283400,9106605.56467999,1209820,1272395.02594693
US,H,2014,1123900,NA,1131338.74186831,590200,NA,562139.880918686,500100,296800,9425035.41771999,1277159,1321087.05702832
US,H,2015,1137400,NA,1157776.42095016,553700,NA,567089.033441583,547600,319900,9881465.96112,1326077,1368056.30546428
US,H,2016,1145800,NA,1171573.837403,542900,NA,567815.967871246,565900,332500,10212711.84336,1373498,1400128.28651972
US,H,2017,1227000,NA,1227000,591400,NA,591400,596200,352100,10507392.48676,1433328,1433328
US,H,2018,1338900,NA,1284641.25758688,661600,NA,626813.924504892,635200,380300,11017615.8492399,1522694,1475286.08803773
US,H,2019,1395200,NA,1304828.01668819,686700,NA,644899.072937922,664000,410100,11506408.1220399,1595497,1502722.08347944
US,H,2020,1197400,NA,1140520.44900922,559900,NA,537401.049489464,645600,409400,11485189.2638098,1627929,1507661.04554729
US,H,2021,1461500,NA,1267317.54975302,685200,NA,581829.388102488,772600,458700,12362878.3996905,1793661,1509601.73213239
US,J,1995,673200,NA,686104.718822972,265900,NA,319650.80103007,379500,186900,6736082.31971999,874936,1103807.93186398
US,J,1996,746800,NA,745371.888091839,299500,NA,354391.966492507,417000,208000,7110210.76323999,931393,1139434.98012029
US,J,1997,854500,NA,776390.609073755,384900,NA,483373.131217973,436700,233100,7637299.95131998,982813,1179393.13437972
US,J,1998,962200,NA,877961.937051788,438400,NA,547503.005766911,488400,268000,8215747.47239997,1031684,1235971.6960085
US,J,1999,1099700,NA,1001112.68905203,511400,NA,631386.711076104,549300,313100,8894484.98431998,1121971,1312230.54847795
US,J,2000,1219200,NA,1104215.24593119,634000,NA,772406.779005928,543000,360000,9443682.12423999,1246235,1400367.97486077
US,J,2001,1244400,NA,1125609.92374646,624000,NA,755393.107613686,574300,359200,9465000.70568,1316330,1463491.21441834
US,J,2002,1245900,NA,1136873.29853516,585200,NA,714207.451729413,614000,327600,8707410.44107998,1339923,1512303.60736414
US,J,2003,1247300,NA,1142683.75552678,566800,NA,681821.672972084,633200,328200,8203059.61955999,1355778,1556823.9250479
US,J,2004,1287200,NA,1188478.29471738,543900,NA,642651.116599245,693900,342400,8117204.42311998,1439061,1597283.61301007
US,J,2005,1350100,NA,1261333.47767046,573200,NA,665748.104514884,725400,355900,8106076.77411998,1534283,1644463.88007306
US,J,2006,1414600,NA,1323664.32250141,613700,NA,695176.171180586,749300,376200,8192163.96595998,1673752,1701387.47127429
US,J,2007,1477800,NA,1387895.17003687,603100,NA,670439.7400433,823000,401200,8382883.41123999,1728113,1762458.61940197
US,J,2008,1536900,NA,1443072.63303213,611700,NA,666157.890101936,877000,407500,8407041.20515998,1800137,1816215.44937494
US,J,2009,1499300,NA,1424772.9272105,589000,NA,653428.479917409,862700,398900,8073555.80615999,1801101,1852470.11659456
US,J,2010,1573800,NA,1512136.0804792,616000,NA,672860.185679147,909600,405100,7899077.71015998,1908788,1904259.05895718
US,J,2011,1655700,NA,1592476.98396044,667900,NA,721361.166285184,938400,432500,7915606.22059997,1986153,1952929.69425915
US,J,2012,1736700,NA,1669437.1287503,721400,NA,766124.19315104,965300,464200,8067617.21583999,2028354,1990975.85865856
US,J,2013,1805500,NA,1741172.06444806,714000,NA,749323.684719052,1039800,483900,8220761.03159999,2087581,2053260.3045636
US,J,2014,1911300,NA,1851652.45312244,795000,NA,823718.859861849,1061600,518100,8425880.68035998,2156347,2129620.27041363
US,J,2015,1989100,NA,1952855.11811938,789300,NA,811633.827976981,1138800,553200,8695219.24127998,2217373,2216441.83160787
US,J,2016,2130500,NA,2105062.10459719,847900,NA,859344.830114271,1220000,575300,8850233.67435998,2311834,2329301.51118122
US,J,2017,2239200,NA,2239200,903000,NA,903000,1271100,613600,9032192.59955998,2458775,2458775
US,J,2018,2397000,NA,2417860.19457366,997000,NA,977952.013020666,1330400,662800,9186989.25715998,2620933,2598234.99053736
US,J,2019,2493300,NA,2520458.29451351,973200,NA,942242.501908797,1448800,709300,9341559.21399999,2752238,2709214.2576297
US,J,2020,2579700,NA,2619586.95712393,1008800,NA,970329.251492294,1519400,753100,8877775.88894248,2883155,2819981.26029376
US,J,2021,2878500,NA,2932186.47443599,1129300,NA,1047086.87379518,1687000,883700,9318750.19801356,3189881,2967982.20447227
US,K,1995,838600,NA,1103827.72600432,353600,NA,470237.778605245,460900,255100,9663510.62351999,541243,866280.308422718
US,K,1996,918900,NA,1173923.0415453,394900,NA,512644.095960121,498700,278000,9811686.80907999,571679,898678.47147033
US,K,1997,1005900,NA,1510000,428700,NA,620100,550200,314900,10155638.44152,606621,936773.999106324
US,K,1998,1113100,NA,1667000,475100,NA,684500,610100,350400,10702597.9231599,660441,988047.17657226
US,K,1999,1234600,NA,1879400,560200,NA,804800,645100,375500,10888788.51892,722139,1044221.54987923
US,K,2000,1395400,NA,2103800,651000,NA,926800,714200,411900,10967189.1081999,780344,1093090.09638808
US,K,2001,1381400,NA,2043700,581000,NA,815800,771800,445300,11018119.9289199,816288,1128106.5082694
US,K,2002,1401600,NA,2035000,592600,NA,819600,778500,443300,10966989.78752,843693,1146997.04775055
US,K,2003,1499400,NA,2078600,656200,NA,878500,810600,459800,11112894.7118799,868884,1161674.95505963
US,K,2004,1613200,NA,2170700,739900,NA,957300,837100,497700,11103812.9259198,946346,1189883.61497428
US,K,2005,1750800,NA,2291800,773300,NA,971400,938900,534600,11310430.57664,1022892,1218566.99942443
US,K,2006,1885200,NA,2390600,836900,NA,1020300,1008200,579200,11498604.5381999,1102378,1251746.74947073
US,K,2007,2025200,NA,2496600,995600,NA,1174100,987400,617400,11558770.4206,1162839,1291082.63351227
US,K,2008,1992600,NA,2472900,1121300,NA,1307400,827800,612100,11327839.5609599,1214684,1299959.52668729
US,K,2009,1881600,NA,2502700,914600,NA,1098300,923400,548000,10843773.8786,1160032,1274459.53640611
US,K,2010,1917600,NA,2415800,924400,NA,1073400,949300,573300,10699837.7532799,1152493,1264913.46007642
US,K,2011,1986700,NA,2449100,964200,NA,1095200,977500,606500,10738859.42324,1182525,1262529.96721322
US,K,2012,2155900,NA,2583300,986500,NA,1099700,1124200,630100,10944935.53816,1205239,1272268.01170595
US,K,2013,2301800,NA,2649700,1148200,NA,1243700,1106100,641300,10900401.60352,1243232,1291096.21373903
US,K,2014,2473500,NA,2725400,1177800,NA,1242600,1239400,681100,11002521.67612,1287582,1319385.0011638
US,K,2015,2576800,NA,2770100,1186200,NA,1234900,1328800,715700,11292953.1254799,1338762,1362197.21181299
US,K,2016,2643000,NA,2739300,1168200,NA,1198200,1410100,734100,11483314.77852,1390407,1405982.49535084
US,K,2017,2807700,NA,2807700,1299700,NA,1299700,1451700,787600,11600168.6205599,1440635,1440635
US,K,2018,2938200,NA,2790300,1363400,NA,1319000,1501500,819100,11721119.5129601,1522011,1482653.89476978
US,K,2019,2999400,NA,2807000,1350400,NA,1285500,1586600,851700,11759192.5178,1610424,1544182.00520491
US,K,2020,3103200,NA,2859100,1394600,NA,1315900,1640900,912400,11901848.5695362,1662258,1578755.48526354
US,K,2021,3293900,NA,2923900,1441200,NA,1304700,1789200,993600,12060756.5765335,1871168,1616913.39920654
US,M-N,1995,1092000,NA,1712858.10071494,383900,NA,526906.276853936,686700,438500,24658993.632,518190,807419.784718586
US,M-N,1996,1206000,NA,1837148.65637355,432000,NA,581496.221819676,750900,478800,25620563.6231999,555974,845167.190064169
US,M-N,1997,1329900,NA,2107987.57883459,480700,NA,703102.255544656,824400,534300,27100004.32152,613951,900346.441411203
US,M-N,1998,1480700,NA,2284687.68178627,565400,NA,814645.407120268,887300,592700,28295964.9544,666116,949652.449553111
US,M-N,1999,1605400,NA,2395403.02575991,608600,NA,858984.040670139,966000,637600,29249350.06552,751359,1035016.85750382
US,M-N,2000,1756700,NA,2506552.79821294,656200,NA,898219.03056467,1068100,724700,30286133.8353599,831142,1112426.30404271
US,M-N,2001,1786600,NA,2515015.49356316,629700,NA,849011.075015263,1124300,748800,29583550.6995599,872659,1160620.35216094
US,M-N,2002,1800900,NA,2490832.12007987,605300,NA,810669.200206778,1159900,757500,28612653.9633998,902006,1188655.04255822
US,M-N,2003,1908100,NA,2582407.20706962,666300,NA,870738.912139769,1198700,783800,28679629.3851599,942420,1224028.31530892
US,M-N,2004,2067500,NA,2665513.59479916,742700,NA,939144.430093048,1274500,839900,29491548.41984,1011946,1250968.1304857
US,M-N,2005,2247300,NA,2794555.23201282,826500,NA,1011612.70037838,1360600,907800,30313387.92924,1098406,1297194.80331542
US,M-N,2006,2397000,NA,2863870.82225515,863100,NA,1020235.88533084,1473000,982200,31539228.0132799,1190817,1352129.40083699
US,M-N,2007,2580200,NA,2969727.80382456,951300,NA,1098788.30894627,1568500,1054300,32102356.0415999,1253422,1392717.64946491
US,M-N,2008,2667100,NA,2996987.13979028,929000,NA,1040349.92117508,1681200,1087600,31390844.67636,1322146,1418941.52072324
US,M-N,2009,2490300,NA,2774818.70206137,866700,NA,981639.062558449,1576000,1025600,29129910.05808,1297496,1416461.0479152
US,M-N,2010,2593300,NA,2855879.72296581,915300,NA,1017609.72576692,1628900,1059600,29519418.0699599,1323353,1436759.38619851
US,M-N,2011,2739200,NA,2970952.99236057,983200,NA,1069511.23331723,1704400,1119800,30513095.132,1385739,1465601.05374601
US,M-N,2012,2869800,NA,3066771.535488,1022800,NA,1096423.18551531,1792100,1191100,31551699.93456,1450017,1516077.05720797
US,M-N,2013,2957900,NA,3111953.88270078,1055100,NA,1109982.15868873,1843700,1239300,32399194.02928,1506527,1553307.5786667
US,M-N,2014,3146300,NA,3276368.84241416,1154000,NA,1195963.86966678,1930200,1306600,33348354.9552399,1555920,1587729.9710494
US,M-N,2015,3280700,NA,3361764.97026825,1180600,NA,1215678.9781029,2035300,1383100,34026305.49656,1606111,1635919.76461681
US,M-N,2016,3401400,NA,3452298.67427761,1244200,NA,1269499.00539184,2089100,1414700,34690394.4602799,1657366,1679205.0720663
US,M-N,2017,3584900,NA,3584900,1318700,NA,1318700,2194500,1495800,35283996.00804,1724635,1724635
US,M-N,2018,3818500,NA,3767916.99470892,1417400,NA,1385594.14989951,2324900,1586000,35724157.5652,1822135,1780169.21794105
US,M-N,2019,4059900,NA,3957996.11630994,1527100,NA,1466191.04355919,2452500,1674800,35919414.05728,1921091,1849697.12223339
US,M-N,2020,4058500,NA,3921860.38644472,1542200,NA,1466151.51673024,2517900,1694800,34252624.0643123,1969652,1864813.42745378
US,M-N,2021,4592000,NA,4339836.99270186,1778900,NA,1623267.18687216,2756600,1874100,35923002.4103326,2168953,1899257.43006842
US,TOT,1995,13648400,NA,19678375.4667586,6001100,NA,8945985.49260703,7118600,3717600,229252635.852375,20998170,39920304.2523761
US,TOT,1996,14459000,NA,20526726.0525619,6379700,NA,9353832.5003848,7526500,3913400,233349493.947839,21999438,40838845.5749444
US,TOT,1997,15393800,NA,22746788.4914497,6816200,NA,10342209.3972455,7999700,4713300,239747196.954227,23167713,41816776.8390097
US,TOT,1998,16217400,NA,23978911.1707483,7153900,NA,11015476.0875318,8459400,5075800,244539758.049523,24470545,42926564.3383246
US,TOT,1999,17273400,NA,25204311.3689436,7642200,NA,11636029.5957449,9002700,5410200,249289935.000718,26040656,44128740.4843235
US,TOT,2000,18625900,NA,26313084.4806785,8374900,NA,12219203.8536984,9587900,5854700,253175499.477297,27757000,45383148.3714982
US,TOT,2001,18884700,NA,26284856.3090257,8302500,NA,11990987.4999312,9913200,6046300,249706740.949226,29308461,46497837.3125521
US,TOT,2002,19173500,NA,26466390.0887226,8244400,NA,11929631.8727268,10210800,6143700,246409807.689175,30735471,47495624.6987606
US,TOT,2003,20140900,NA,27034904.0851254,8684400,NA,12079177.8723023,10700000,6362500,245197499.024643,32394950,48535195.5800766
US,TOT,2004,21689400,NA,28023596.2433594,9471900,NA,12504909.9812145,11395400,6729200,248319303.088941,35710976,49641132.1456322
US,TOT,2005,23517800,NA,29132035.4571648,10478900,NA,13101690.4495128,12157400,7077700,251916855.17211,39290342,50740532.6661357
US,TOT,2006,24925300,NA,29754238.1288778,11109700,NA,13270556.819371,12870400,7491700,256526120.054149,42505734,51973767.1105255
US,TOT,2007,26250300,NA,30348283.335992,11776400,NA,13537557.4038345,13492300,7889600,258814335.38307,44406920,53067473.2676708
US,TOT,2008,27024700,NA,29993827.9371292,12255200,NA,13156933.4358693,13772900,8068900,255614644.397955,45918890,53894409.6769083
US,TOT,2009,24958900,NA,28383188.2111143,10481200,NA,11994611.0320333,13508900,7767200,241034053.930839,45079006,54242424.8190844
US,TOT,2010,26479400,NA,29298814.7601283,11430500,NA,12479352.4804066,14042100,7933300,241145944.105508,45978952,54630659.0239796
US,TOT,2011,28050400,NA,29942300.8757895,12450500,NA,12862393.8483134,14555400,8233900,244934974.245537,47571612,55096989.7629063
US,TOT,2012,29232100,NA,30725111.5490192,12978200,NA,13252377.858567,15176000,8575500,249357633.479338,49070479,55651879.9687031
US,TOT,2013,30388900,NA,31407905.0782813,13508100,NA,13586311.2175184,15754300,8843800,252655677.915758,51481564,56331195.0761556
US,TOT,2014,31795900,NA,32321921.4187774,14187800,NA,14053850.7935291,16428300,9259900,257289976.999581,53583354,57119223.005867
US,TOT,2015,32234100,NA,33107299.815391,13939200,NA,14313257.2275365,17078900,9709300,261835348.512009,54904885,57966893.2723779
US,TOT,2016,32898200,NA,33710938.1757189,14093700,NA,14568192.8828804,17557500,9976900,265228221.430517,57232246,58827018.8696515
US,TOT,2017,34468200,NA,34468200,14856100,NA,14856100,18308000,10435300,269233471.187374,59662637,59662637
US,TOT,2018,36504300,NA,35462458.9481583,15847800,NA,15273605.2122803,19262300,10968000,274267166.926709,62780178,60627390.3944056
US,TOT,2019,37676700,NA,36122169.4047354,16155100,NA,15425417.7616023,20061400,11459600,276234264.111924,65327722,61637801.6256207
US,TOT,2020,36681000,NA,34939892.3739584,15357900,NA,14732751.9620526,20459200,11601900,259667486.601368,68258517,62504453.0043878
US,TOT,2021,41665400,NA,37230935.6414892,18070800,NA,15829352.8355639,22405200,12556700,268936661.768793,77441117,63460831.5774242
